#Lane,Barcode,Population,Sample,Population,platePosition
trimmed_radseq_P1_R1.fastq.gz,CGTCTACT,QUALICUM,71372,QUALICUM,A1
trimmed_radseq_P1_R1.fastq.gz,TTAGGTCAG,QUALICUM,71192,QUALICUM,B1
trimmed_radseq_P1_R1.fastq.gz,ACCGAT,QUALICUM,71535,QUALICUM,C1
trimmed_radseq_P1_R1.fastq.gz,ACTATCCG,QUALICUM,219688,QUALICUM,D1
trimmed_radseq_P1_R1.fastq.gz,TGGATAACG,QUALICUM,71021,QUALICUM,E1
trimmed_radseq_P1_R1.fastq.gz,TGTCGAT,QUALICUM,71553,QUALICUM,F1
trimmed_radseq_P1_R1.fastq.gz,CTCTTATACG,PUNTLEDGE,93756,PUNTLEDGE,G1
trimmed_radseq_P1_R1.fastq.gz,TGCACAG,PUNTLEDGE,93892,PUNTLEDGE,H1
trimmed_radseq_P1_R1.fastq.gz,ATTGGTACAG,QUALICUM,71288,QUALICUM,A2
trimmed_radseq_P1_R1.fastq.gz,CTATCACCG,PUNTLEDGE,240213,PUNTLEDGE,B2
trimmed_radseq_P1_R1.fastq.gz,ACGAGT,PUNTLEDGE,240229,PUNTLEDGE,C2
trimmed_radseq_P1_R1.fastq.gz,GTCGTCAGTG,QUALICUM,219218,QUALICUM,D2
trimmed_radseq_P1_R1.fastq.gz,TGAAGCACTG,QUALICUM,219398,QUALICUM,E2
trimmed_radseq_P1_R1.fastq.gz,GGTCAT,PUNTLEDGE,240220,PUNTLEDGE,F2
trimmed_radseq_P1_R1.fastq.gz,ATAGACAGAG,CHILLIWACK,223764,CHILLIWACK,G2
trimmed_radseq_P1_R1.fastq.gz,AGTCGGCTGT,QUALICUM,5866,QUALICUM,H2
trimmed_radseq_P1_R1.fastq.gz,CCGAATG,QUALICUM,219416,QUALICUM,A3
trimmed_radseq_P1_R1.fastq.gz,CTGTTG,CHILLIWACK,223361,CHILLIWACK,B3
trimmed_radseq_P1_R1.fastq.gz,ATCCGTATCG,PUNTLEDGE,240248,PUNTLEDGE,C3
trimmed_radseq_P1_R1.fastq.gz,GTCCACT,PUNTLEDGE,240170,PUNTLEDGE,D3
trimmed_radseq_P1_R1.fastq.gz,CCACAGCCAT,QUALICUM,71276,QUALICUM,E3
trimmed_radseq_P1_R1.fastq.gz,GCCTATCT,PUNTLEDGE,54344,PUNTLEDGE,F3
trimmed_radseq_P1_R1.fastq.gz,CGTGAAG,QUALICUM,71421,QUALICUM,G3
trimmed_radseq_P1_R1.fastq.gz,GTACCACGT,PUNTLEDGE,1233,PUNTLEDGE,H3
trimmed_radseq_P1_R1.fastq.gz,TCGGTTGT,PUNTLEDGE,1290,PUNTLEDGE,A4
trimmed_radseq_P1_R1.fastq.gz,GATGGAT,QUALICUM,15468,QUALICUM,B4
trimmed_radseq_P1_R1.fastq.gz,TTCATATCGG,PUNTLEDGE,240203,PUNTLEDGE,C4
trimmed_radseq_P1_R1.fastq.gz,GACAGTAGTG,PUNTLEDGE,240133,PUNTLEDGE,D4
trimmed_radseq_P1_R1.fastq.gz,TCCGTACTG,QUALICUM,70971,QUALICUM,E4
trimmed_radseq_P1_R1.fastq.gz,GTGAGAAG,QUALICUM,219455,QUALICUM,F4
trimmed_radseq_P1_R1.fastq.gz,GAACATG,QUALICUM,70949,QUALICUM,G4
trimmed_radseq_P1_R1.fastq.gz,AGTTGAACAG,QUALICUM,219633,QUALICUM,H4
trimmed_radseq_P1_R1.fastq.gz,GAGATG,CHILLIWACK,223801,CHILLIWACK,A5
trimmed_radseq_P1_R1.fastq.gz,TATTCCGAGT,QUALICUM,7424,QUALICUM,B5
trimmed_radseq_P1_R1.fastq.gz,GGTAGT,PUNTLEDGE,240233,PUNTLEDGE,C5
trimmed_radseq_P1_R1.fastq.gz,GCCAGGACAT,PUNTLEDGE,240155,PUNTLEDGE,D5
trimmed_radseq_P1_R1.fastq.gz,CGAGGATGT,QUALICUM,5781,QUALICUM,E5
trimmed_radseq_P1_R1.fastq.gz,GCAAGT,QUALICUM,71564,QUALICUM,F5
trimmed_radseq_P1_R1.fastq.gz,TTCCAG,PUNTLEDGE,240207,PUNTLEDGE,G5
trimmed_radseq_P1_R1.fastq.gz,TGTCAACCT,QUALICUM,219522,QUALICUM,H5
trimmed_radseq_P1_R1.fastq.gz,GGACATACG,QUALICUM,219384,QUALICUM,A6
trimmed_radseq_P1_R1.fastq.gz,AATCGAGG,PUNTLEDGE,54363,PUNTLEDGE,B6
trimmed_radseq_P1_R1.fastq.gz,TGCATG,PUNTLEDGE,240407,PUNTLEDGE,C6
trimmed_radseq_P1_R1.fastq.gz,CTATATGAGG,PUNTLEDGE,54364,PUNTLEDGE,D6
trimmed_radseq_P1_R1.fastq.gz,ATCAGT,QUALICUM,219624,QUALICUM,E6
trimmed_radseq_P1_R1.fastq.gz,ATCTGTCAGG,QUALICUM,6004,QUALICUM,F6
trimmed_radseq_P1_R1.fastq.gz,TACGGTG,PUNTLEDGE,1346,PUNTLEDGE,G6
trimmed_radseq_P1_R1.fastq.gz,ATCTTACGAG,PUNTLEDGE,240206,PUNTLEDGE,H6
trimmed_radseq_P1_R1.fastq.gz,GAAGGCTACG,PUNTLEDGE,240425,PUNTLEDGE,A7
trimmed_radseq_P1_R1.fastq.gz,CTCTGAGT,QUALICUM,7422,QUALICUM,B7
trimmed_radseq_P1_R1.fastq.gz,CACGCTTAG,CHILLIWACK,223686,CHILLIWACK,C7
trimmed_radseq_P1_R1.fastq.gz,GTAAGCGTG,QUALICUM,219279,QUALICUM,D7
trimmed_radseq_P1_R1.fastq.gz,GTAGGT,QUALICUM,71304,QUALICUM,E7
trimmed_radseq_P1_R1.fastq.gz,GGCTAT,QUALICUM,5838,QUALICUM,F7
trimmed_radseq_P1_R1.fastq.gz,AACCACGCT,PUNTLEDGE,240310,PUNTLEDGE,G7
trimmed_radseq_P1_R1.fastq.gz,GCATTCCT,PUNTLEDGE,93793,PUNTLEDGE,H7
trimmed_radseq_P1_R1.fastq.gz,CCGTTAG,QUALICUM,6074,QUALICUM,A8
trimmed_radseq_P1_R1.fastq.gz,TTGACGG,CHILLIWACK,223803,CHILLIWACK,B8
trimmed_radseq_P1_R1.fastq.gz,AGAATGG,QUALICUM,219568,QUALICUM,C8
trimmed_radseq_P1_R1.fastq.gz,CCATCCATG,QUALICUM,219283,QUALICUM,D8
trimmed_radseq_P1_R1.fastq.gz,AGTTAGG,PUNTLEDGE,240030,PUNTLEDGE,E8
trimmed_radseq_P1_R1.fastq.gz,CCATTCAGT,PUNTLEDGE,240236,PUNTLEDGE,F8
trimmed_radseq_P1_R1.fastq.gz,TCAGTACG,QUALICUM,5759,QUALICUM,G8
trimmed_radseq_P1_R1.fastq.gz,GGTTAGCT,PUNTLEDGE,240363,PUNTLEDGE,H8
trimmed_radseq_P1_R1.fastq.gz,GTGCAT,CHILLIWACK,223016,CHILLIWACK,A9
trimmed_radseq_P1_R1.fastq.gz,GTACCATGG,PUNTLEDGE,240221,PUNTLEDGE,B9
trimmed_radseq_P1_R1.fastq.gz,CATCACGT,CHILLIWACK,18483,CHILLIWACK,C9
trimmed_radseq_P1_R1.fastq.gz,CGTGGACAAT,CHILLIWACK,223320,CHILLIWACK,D9
trimmed_radseq_P1_R1.fastq.gz,TCTTGG,CHILLIWACK,223700,CHILLIWACK,E9
trimmed_radseq_P1_R1.fastq.gz,CTCAGCGTAG,QUALICUM,7438,QUALICUM,F9
trimmed_radseq_P1_R1.fastq.gz,GACACT,QUALICUM,71080,QUALICUM,G9
trimmed_radseq_P1_R1.fastq.gz,ATATGCGGT,QUALICUM,71308,QUALICUM,H9
trimmed_radseq_P1_R1.fastq.gz,TACCGTCAT,QUALICUM,71293,QUALICUM,A10
trimmed_radseq_P1_R1.fastq.gz,CTGTACCT,CHILLIWACK,80437,CHILLIWACK,B10
trimmed_radseq_P1_R1.fastq.gz,GCATACGGAG,CHILLIWACK,223768,CHILLIWACK,C10
trimmed_radseq_P1_R1.fastq.gz,AGACTCT,PUNTLEDGE,240018,PUNTLEDGE,D10
trimmed_radseq_P1_R1.fastq.gz,GTCTTAG,CHILLIWACK,223181,CHILLIWACK,E10
trimmed_radseq_P1_R1.fastq.gz,TGGAAG,PUNTLEDGE,93710,PUNTLEDGE,F10
trimmed_radseq_P1_R1.fastq.gz,TCTCTTG,CHILLIWACK,19795,CHILLIWACK,G10
trimmed_radseq_P1_R1.fastq.gz,ACCTTG,PUNTLEDGE,240115,PUNTLEDGE,H10
trimmed_radseq_P1_R1.fastq.gz,CTGGTCACGT,PUNTLEDGE,240005,PUNTLEDGE,A11
trimmed_radseq_P1_R1.fastq.gz,GAATCTGTCT,CHILLIWACK,223734,CHILLIWACK,B11
trimmed_radseq_P1_R1.fastq.gz,ACACCGT,QUALICUM,15925,QUALICUM,C11
trimmed_radseq_P1_R1.fastq.gz,TCCAAGGT,PUNTLEDGE,240230,PUNTLEDGE,D11
trimmed_radseq_P1_R1.fastq.gz,CACGAGCTTG,PUNTLEDGE,240295,PUNTLEDGE,E11
trimmed_radseq_P1_R1.fastq.gz,TTCCTGGT,QUALICUM,219368,QUALICUM,F11
trimmed_radseq_P1_R1.fastq.gz,AGAAGCCAT,QUALICUM,219532,QUALICUM,G11
trimmed_radseq_P1_R1.fastq.gz,ACGTACTG,QUALICUM,71018,QUALICUM,H11
trimmed_radseq_P1_R1.fastq.gz,AGGCAGAT,CHILLIWACK,18288,CHILLIWACK,A12
trimmed_radseq_P1_R1.fastq.gz,TCGATAGTAG,QUALICUM,5724,QUALICUM,B12
trimmed_radseq_P1_R1.fastq.gz,TCCATAAGG,QUALICUM,71135,QUALICUM,C12
trimmed_radseq_P1_R1.fastq.gz,CTCCAACTG,CHILLIWACK,223818,CHILLIWACK,D12
trimmed_radseq_P1_R1.fastq.gz,CCTTGAGCTG,QUALICUM,71437,QUALICUM,E12
trimmed_radseq_P1_R1.fastq.gz,GGAGAGACT,PUNTLEDGE,240380,PUNTLEDGE,F12
trimmed_radseq_P1_R1.fastq.gz,TGGTAGGCT,CHILLIWACK,223805,CHILLIWACK,G12
trimmed_radseq_P1_R1.fastq.gz,GTACTGG,CHILLIWACK,18278,CHILLIWACK,H12
trimmed_radseq_P2_R1.fastq.gz,CTCGACT,PUNTLEDGE,240367,PUNTLEDGE,A1
trimmed_radseq_P2_R1.fastq.gz,AATGCG,QUALICUM,5752,QUALICUM,B1
trimmed_radseq_P2_R1.fastq.gz,GAGTCT,PUNTLEDGE,93859,PUNTLEDGE,C1
trimmed_radseq_P2_R1.fastq.gz,TAGCTGT,CHILLIWACK,223011,CHILLIWACK,D1
trimmed_radseq_P2_R1.fastq.gz,GAGATAG,CHILLIWACK,18102,CHILLIWACK,E1
trimmed_radseq_P2_R1.fastq.gz,CTGGCAT,QUALICUM,219302,QUALICUM,F1
trimmed_radseq_P2_R1.fastq.gz,GTTCTCT,CHILLIWACK,223625,CHILLIWACK,G1
trimmed_radseq_P2_R1.fastq.gz,AACTCCTGG,QUALICUM,71393,QUALICUM,H1
trimmed_radseq_P2_R1.fastq.gz,ATACATCAGG,PUNTLEDGE,240231,PUNTLEDGE,A2
trimmed_radseq_P2_R1.fastq.gz,GCATAGCAAT,PUNTLEDGE,240406,PUNTLEDGE,B2
trimmed_radseq_P2_R1.fastq.gz,GGTAGGAT,CHILLIWACK,221453,CHILLIWACK,C2
trimmed_radseq_P2_R1.fastq.gz,CGGTAAGT,QUALICUM,219348,QUALICUM,D2
trimmed_radseq_P2_R1.fastq.gz,CGAGTATG,PUNTLEDGE,25214,PUNTLEDGE,E2
trimmed_radseq_P2_R1.fastq.gz,CGACTCAACT,CHILLIWACK,18159,CHILLIWACK,F2
trimmed_radseq_P2_R1.fastq.gz,TGAGGT,PUNTLEDGE,1275,PUNTLEDGE,G2
trimmed_radseq_P2_R1.fastq.gz,GCTGATT,PUNTLEDGE,240294,PUNTLEDGE,H2
trimmed_radseq_P2_R1.fastq.gz,ACATCG,PUNTLEDGE,1394,PUNTLEDGE,A3
trimmed_radseq_P2_R1.fastq.gz,GGCAGATTG,CHILLIWACK,223707,CHILLIWACK,B3
trimmed_radseq_P2_R1.fastq.gz,TAGTCAGG,QUALICUM,219583,QUALICUM,C3
trimmed_radseq_P2_R1.fastq.gz,TATGACGCAT,QUALICUM,219374,QUALICUM,D3
trimmed_radseq_P2_R1.fastq.gz,TTAGCCGT,PUNTLEDGE,240416,PUNTLEDGE,E3
trimmed_radseq_P2_R1.fastq.gz,ATAAGCACG,CHILLIWACK,18147,CHILLIWACK,F3
trimmed_radseq_P2_R1.fastq.gz,CAATGTCGT,QUALICUM,219479,QUALICUM,G3
trimmed_radseq_P2_R1.fastq.gz,TTGGTAG,PUNTLEDGE,240387,PUNTLEDGE,H3
trimmed_radseq_P2_R1.fastq.gz,GATCCT,QUALICUM,70984,QUALICUM,A4
trimmed_radseq_P2_R1.fastq.gz,CATCGTAG,PUNTLEDGE,240210,PUNTLEDGE,B4
trimmed_radseq_P2_R1.fastq.gz,CATATG,PUNTLEDGE,93935,PUNTLEDGE,C4
trimmed_radseq_P2_R1.fastq.gz,AGAACAGTG,PUNTLEDGE,240214,PUNTLEDGE,D4
trimmed_radseq_P2_R1.fastq.gz,ACAAGG,PUNTLEDGE,240171,PUNTLEDGE,E4
trimmed_radseq_P2_R1.fastq.gz,ACCTCTGT,CHILLIWACK,18295,CHILLIWACK,F4
trimmed_radseq_P2_R1.fastq.gz,CTTACTG,PUNTLEDGE,240440,PUNTLEDGE,G4
trimmed_radseq_P2_R1.fastq.gz,CTGTCCACAG,QUALICUM,5779,QUALICUM,H4
trimmed_radseq_P2_R1.fastq.gz,TAACGG,CHILLIWACK,18296,CHILLIWACK,A5
trimmed_radseq_P2_R1.fastq.gz,GTCATGTGCG,PUNTLEDGE,240195,PUNTLEDGE,B5
trimmed_radseq_P2_R1.fastq.gz,GATCAG,CHILLIWACK,223315,CHILLIWACK,C5
trimmed_radseq_P2_R1.fastq.gz,AGTGTAACCT,QUALICUM,5791,QUALICUM,D5
trimmed_radseq_P2_R1.fastq.gz,ATCGCAAG,CHILLIWACK,51662,CHILLIWACK,E5
trimmed_radseq_P2_R1.fastq.gz,TGAGGCT,CHILLIWACK,51864,CHILLIWACK,F5
trimmed_radseq_P2_R1.fastq.gz,TTATGCGTAG,QUALICUM,15829,QUALICUM,G5
trimmed_radseq_P2_R1.fastq.gz,CCTCTTAG,PUNTLEDGE,1001,PUNTLEDGE,H5
trimmed_radseq_P2_R1.fastq.gz,AACCGCTTG,QUALICUM,50210,QUALICUM,A6
trimmed_radseq_P2_R1.fastq.gz,GATGTG,CHILLIWACK,18277,CHILLIWACK,B6
trimmed_radseq_P2_R1.fastq.gz,CAAGTCCAT,QUALICUM,71399,QUALICUM,C6
trimmed_radseq_P2_R1.fastq.gz,ACATACCAG,PUNTLEDGE,240208,PUNTLEDGE,D6
trimmed_radseq_P2_R1.fastq.gz,ACTTGAG,CHILLIWACK,18239,CHILLIWACK,E6
trimmed_radseq_P2_R1.fastq.gz,CGATTCCT,QUALICUM,70917,QUALICUM,F6
trimmed_radseq_P2_R1.fastq.gz,TGATGAG,CHILLIWACK,18342,CHILLIWACK,G6
trimmed_radseq_P2_R1.fastq.gz,GAATCG,CHILLIWACK,76546,CHILLIWACK,H6
trimmed_radseq_P2_R1.fastq.gz,CCTTGAAG,CHILLIWACK,51650,CHILLIWACK,A7
trimmed_radseq_P2_R1.fastq.gz,CATTGTG,CHILLIWACK,223454,CHILLIWACK,B7
trimmed_radseq_P2_R1.fastq.gz,CGAAGAAGAT,CHILLIWACK,80429,CHILLIWACK,C7
trimmed_radseq_P2_R1.fastq.gz,GACGCTAT,CHILLIWACK,40579,CHILLIWACK,D7
trimmed_radseq_P2_R1.fastq.gz,CGCAATATG,QUALICUM,219896,QUALICUM,E7
trimmed_radseq_P2_R1.fastq.gz,AATGACG,QUALICUM,6434,QUALICUM,F7
trimmed_radseq_P2_R1.fastq.gz,TACGTCT,CHILLIWACK,18489,CHILLIWACK,G7
trimmed_radseq_P2_R1.fastq.gz,CACAGCACTG,CHILLIWACK,223280,CHILLIWACK,H7
trimmed_radseq_P2_R1.fastq.gz,AGATGCAGG,PUNTLEDGE,93742,PUNTLEDGE,A8
trimmed_radseq_P2_R1.fastq.gz,GCCGATAAT,CHILLIWACK,223677,CHILLIWACK,B8
trimmed_radseq_P2_R1.fastq.gz,ATGGAG,PUNTLEDGE,1392,PUNTLEDGE,C8
trimmed_radseq_P2_R1.fastq.gz,AACATAGCG,CHILLIWACK,223393,CHILLIWACK,D8
trimmed_radseq_P2_R1.fastq.gz,TCGTGACT,QUALICUM,71118,QUALICUM,E8
trimmed_radseq_P2_R1.fastq.gz,TCCTATCTG,PUNTLEDGE,240424,PUNTLEDGE,F8
trimmed_radseq_P2_R1.fastq.gz,GACCGAACCT,CHILLIWACK,18354,CHILLIWACK,G8
trimmed_radseq_P2_R1.fastq.gz,CGCCTTATG,QUALICUM,70963,QUALICUM,H8
trimmed_radseq_P2_R1.fastq.gz,CCAGGTAAT,PUNTLEDGE,93983,PUNTLEDGE,A9
trimmed_radseq_P2_R1.fastq.gz,CTCCGAACT,QUALICUM,219707,QUALICUM,B9
trimmed_radseq_P2_R1.fastq.gz,GATTGCGT,QUALICUM,219615,QUALICUM,C9
trimmed_radseq_P2_R1.fastq.gz,TGCCAT,PUNTLEDGE,93716,PUNTLEDGE,D9
trimmed_radseq_P2_R1.fastq.gz,TCAGAG,CHILLIWACK,223298,CHILLIWACK,E9
trimmed_radseq_P2_R1.fastq.gz,AGTCTAG,PUNTLEDGE,54356,PUNTLEDGE,F9
trimmed_radseq_P2_R1.fastq.gz,TTACACGG,QUALICUM,219233,QUALICUM,G9
trimmed_radseq_P2_R1.fastq.gz,GGAATG,PUNTLEDGE,62,PUNTLEDGE,H9
trimmed_radseq_P2_R1.fastq.gz,TTAGTCTCG,CHILLIWACK,223692,CHILLIWACK,A10
trimmed_radseq_P2_R1.fastq.gz,AGTGCGGAAT,QUALICUM,7418,QUALICUM,B10
trimmed_radseq_P2_R1.fastq.gz,TTACCTG,PUNTLEDGE,1219,PUNTLEDGE,C10
trimmed_radseq_P2_R1.fastq.gz,TTACCGCT,CHILLIWACK,18111,CHILLIWACK,D10
trimmed_radseq_P2_R1.fastq.gz,GGACTATAG,PUNTLEDGE,93681,PUNTLEDGE,E10
trimmed_radseq_P2_R1.fastq.gz,AGTCACGTAT,PUNTLEDGE,1390,PUNTLEDGE,F10
trimmed_radseq_P2_R1.fastq.gz,GTACTACCT,PUNTLEDGE,93865,PUNTLEDGE,G10
trimmed_radseq_P2_R1.fastq.gz,TACAACTTGG,CHILLIWACK,223265,CHILLIWACK,H10
trimmed_radseq_P2_R1.fastq.gz,ATCTCCGCAT,CHILLIWACK,51890,CHILLIWACK,A11
trimmed_radseq_P2_R1.fastq.gz,AGCCATTG,CHILLIWACK,223526,CHILLIWACK,B11
trimmed_radseq_P2_R1.fastq.gz,GCTTAT,PUNTLEDGE,93668,PUNTLEDGE,C11
trimmed_radseq_P2_R1.fastq.gz,ACGCAT,PUNTLEDGE,240443,PUNTLEDGE,D11
trimmed_radseq_P2_R1.fastq.gz,GTATGCG,PUNTLEDGE,54348,PUNTLEDGE,E11
trimmed_radseq_P2_R1.fastq.gz,GTACAACG,PUNTLEDGE,240132,PUNTLEDGE,F11
trimmed_radseq_P2_R1.fastq.gz,AGTACGTGAT,CHILLIWACK,19355,CHILLIWACK,G11
trimmed_radseq_P2_R1.fastq.gz,TCAAGCT,QUALICUM,5602,QUALICUM,H11
trimmed_radseq_P2_R1.fastq.gz,CTGGCAAGCT,PUNTLEDGE,93738,PUNTLEDGE,A12
trimmed_radseq_P2_R1.fastq.gz,CTCAAGAGAT,CHILLIWACK,18201,CHILLIWACK,B12
trimmed_radseq_P2_R1.fastq.gz,ATAGGACCT,CHILLIWACK,223394,CHILLIWACK,C12
trimmed_radseq_P2_R1.fastq.gz,ATCACCAG,CHILLIWACK,223390,CHILLIWACK,D12
trimmed_radseq_P2_R1.fastq.gz,TGTGTG,PUNTLEDGE,1023,PUNTLEDGE,E12
trimmed_radseq_P2_R1.fastq.gz,CGTCATG,CHILLIWACK,18340,CHILLIWACK,F12
trimmed_radseq_P2_R1.fastq.gz,GGACCAT,QUALICUM,5606,QUALICUM,G12
trimmed_radseq_P2_R1.fastq.gz,TTCCTGACG,CHILLIWACK,19490,CHILLIWACK,H12
trimmed_radseq_P3_R1.fastq.gz,CGCTATTG,QUALICUM,219864,QUALICUM,A1
trimmed_radseq_P3_R1.fastq.gz,CAAGTG,PUNTLEDGE,240383,PUNTLEDGE,B1
trimmed_radseq_P3_R1.fastq.gz,AGTAGGTG,CHILLIWACK,221447,CHILLIWACK,C1
trimmed_radseq_P3_R1.fastq.gz,CTGCGGAACT,PUNTLEDGE,1247,PUNTLEDGE,D1
trimmed_radseq_P3_R1.fastq.gz,GCACTACAT,QUALICUM,5950,QUALICUM,E1
trimmed_radseq_P3_R1.fastq.gz,CACAAG,QUALICUM,71082,QUALICUM,F1
trimmed_radseq_P3_R1.fastq.gz,GCATGGT,CHILLIWACK,223278,CHILLIWACK,G1
trimmed_radseq_P3_R1.fastq.gz,CTTAGCT,CHILLIWACK,221541,CHILLIWACK,H1
trimmed_radseq_P3_R1.fastq.gz,ACCTGGT,CHILLIWACK,223328,CHILLIWACK,A2
trimmed_radseq_P3_R1.fastq.gz,GCCGTAATG,QUALICUM,219297,QUALICUM,B2
trimmed_radseq_P3_R1.fastq.gz,AAGGTGT,QUALICUM,6347,QUALICUM,C2
trimmed_radseq_P3_R1.fastq.gz,TTGTCG,QUALICUM,5726,QUALICUM,D2
trimmed_radseq_P3_R1.fastq.gz,TGACTG,CHILLIWACK,51842,CHILLIWACK,E2
trimmed_radseq_P3_R1.fastq.gz,ACGGCAAT,QUALICUM,5842,QUALICUM,F2
trimmed_radseq_P3_R1.fastq.gz,CTCACTTGCG,CHILLIWACK,18256,CHILLIWACK,G2
trimmed_radseq_P3_R1.fastq.gz,AGTTCCT,CHILLIWACK,223845,CHILLIWACK,H2
trimmed_radseq_P3_R1.fastq.gz,TGGACGTAG,PUNTLEDGE,240405,PUNTLEDGE,A3
trimmed_radseq_P3_R1.fastq.gz,TACTTAGCGT,QUALICUM,219895,QUALICUM,B3
trimmed_radseq_P3_R1.fastq.gz,CGTCTGT,QUALICUM,6312,QUALICUM,C3
trimmed_radseq_P3_R1.fastq.gz,GCAATTGG,PUNTLEDGE,93778,PUNTLEDGE,D3
trimmed_radseq_P3_R1.fastq.gz,CAGGAT,QUALICUM,6469,QUALICUM,E3
trimmed_radseq_P3_R1.fastq.gz,TAGCTCG,CHILLIWACK,223261,CHILLIWACK,F3
trimmed_radseq_P3_R1.fastq.gz,TCAGTGGT,QUALICUM,6145,QUALICUM,G3
trimmed_radseq_P3_R1.fastq.gz,CGACTTG,PUNTLEDGE,1325,PUNTLEDGE,H3
trimmed_radseq_P3_R1.fastq.gz,TAGAGGAGG,CHILLIWACK,18125,CHILLIWACK,A4
trimmed_radseq_P3_R1.fastq.gz,CGACCATCTG,PUNTLEDGE,1121,PUNTLEDGE,B4
trimmed_radseq_P3_R1.fastq.gz,GGAGGTAAT,QUALICUM,219469,QUALICUM,C4
trimmed_radseq_P3_R1.fastq.gz,GTCTTG,PUNTLEDGE,93761,PUNTLEDGE,D4
trimmed_radseq_P3_R1.fastq.gz,CAGCCTAT,CHILLIWACK,223723,CHILLIWACK,E4
trimmed_radseq_P3_R1.fastq.gz,TATGGCAG,QUALICUM,219360,QUALICUM,F4
trimmed_radseq_P3_R1.fastq.gz,TCCGTGAGT,PUNTLEDGE,54346,PUNTLEDGE,G4
trimmed_radseq_P3_R1.fastq.gz,TCAACG,CHILLIWACK,40514,CHILLIWACK,H4
trimmed_radseq_P3_R1.fastq.gz,TAGGAG,PUNTLEDGE,93703,PUNTLEDGE,A5
trimmed_radseq_P3_R1.fastq.gz,AGTGATG,CHILLIWACK,223434,CHILLIWACK,B5
trimmed_radseq_P3_R1.fastq.gz,TCGAACCT,QUALICUM,5605,QUALICUM,C5
trimmed_radseq_P3_R1.fastq.gz,CGTACATG,PUNTLEDGE,240182,PUNTLEDGE,D5
trimmed_radseq_P3_R1.fastq.gz,GGCGATACCT,PUNTLEDGE,240228,PUNTLEDGE,E5
trimmed_radseq_P3_R1.fastq.gz,AGCTGGAT,PUNTLEDGE,54433,PUNTLEDGE,F5
trimmed_radseq_P3_R1.fastq.gz,TTGAAGCG,QUALICUM,219459,QUALICUM,G5
trimmed_radseq_P3_R1.fastq.gz,ACACCTCTG,QUALICUM,7447,QUALICUM,H5
trimmed_radseq_P3_R1.fastq.gz,ACTACGT,QUALICUM,7412,QUALICUM,A6
trimmed_radseq_P3_R1.fastq.gz,GAGGCAAT,CHILLIWACK,18193,CHILLIWACK,B6
trimmed_radseq_P3_R1.fastq.gz,TCAGAATTCG,PUNTLEDGE,54371,PUNTLEDGE,C6
trimmed_radseq_P3_R1.fastq.gz,GAGTCAG,PUNTLEDGE,54427,PUNTLEDGE,D6
trimmed_radseq_P3_R1.fastq.gz,GAAGTACTTG,CHILLIWACK,18460,CHILLIWACK,E6
trimmed_radseq_P3_R1.fastq.gz,TTCAGCG,PUNTLEDGE,25555,PUNTLEDGE,F6
trimmed_radseq_P3_R1.fastq.gz,TGTTCAATGG,QUALICUM,5626,QUALICUM,G6
trimmed_radseq_P3_R1.fastq.gz,ACCTGT,PUNTLEDGE,93741,PUNTLEDGE,H6
trimmed_radseq_P3_R1.fastq.gz,ATGCTACG,PUNTLEDGE,93729,PUNTLEDGE,A7
trimmed_radseq_P3_R1.fastq.gz,TATTGACAGG,CHILLIWACK,19541,CHILLIWACK,B7
trimmed_radseq_P3_R1.fastq.gz,AGCTTCG,QUALICUM,5706,QUALICUM,C7
trimmed_radseq_P3_R1.fastq.gz,AGGTAGACGG,QUALICUM,6481,QUALICUM,D7
trimmed_radseq_P3_R1.fastq.gz,TGTAGACG,QUALICUM,219224,QUALICUM,E7
trimmed_radseq_P3_R1.fastq.gz,TAATCCTCG,CHILLIWACK,18202,CHILLIWACK,F7
trimmed_radseq_P3_R1.fastq.gz,TTCCATG,PUNTLEDGE,1397-1,PUNTLEDGE,G7
trimmed_radseq_P3_R1.fastq.gz,GAAGGAGCT,PUNTLEDGE,1397-2,PUNTLEDGE,H7
trimmed_radseq_P3_R1.fastq.gz,GCATATACG,PUNTLEDGE,54420,PUNTLEDGE,A8
trimmed_radseq_P3_R1.fastq.gz,CGGATGAT,CHILLIWACK,18410,CHILLIWACK,B8
trimmed_radseq_P3_R1.fastq.gz,TACGCTGAT,CHILLIWACK,223670,CHILLIWACK,C8
trimmed_radseq_P3_R1.fastq.gz,ACTCTG,PUNTLEDGE,93960,PUNTLEDGE,D8
trimmed_radseq_P3_R1.fastq.gz,CGAACACTCG,PUNTLEDGE,1304,PUNTLEDGE,E8
trimmed_radseq_P3_R1.fastq.gz,GATAAGG,CHILLIWACK,51661,CHILLIWACK,F8
trimmed_radseq_P3_R1.fastq.gz,GAACGACTG,PUNTLEDGE,54421,PUNTLEDGE,G8
trimmed_radseq_P3_R1.fastq.gz,AACCTG,PUNTLEDGE,1148,PUNTLEDGE,H8
trimmed_radseq_P3_R1.fastq.gz,GGTTCTTG,CHILLIWACK,18385,CHILLIWACK,A9
trimmed_radseq_P3_R1.fastq.gz,CCTCGATTGG,PUNTLEDGE,93663,PUNTLEDGE,B9
trimmed_radseq_P3_R1.fastq.gz,GCCATTATTG,PUNTLEDGE,25300,PUNTLEDGE,C9
trimmed_radseq_P3_R1.fastq.gz,ACACAGACT,CHILLIWACK,221402,CHILLIWACK,D9
trimmed_radseq_P3_R1.fastq.gz,TACAAGACAG,PUNTLEDGE,25586,PUNTLEDGE,E9
trimmed_radseq_P3_R1.fastq.gz,TGTGGTCT,QUALICUM,219354,QUALICUM,F9
trimmed_radseq_P3_R1.fastq.gz,AGACTTGGT,CHILLIWACK,40510,CHILLIWACK,G9
trimmed_radseq_P3_R1.fastq.gz,CTCGGCACAT,QUALICUM,6452,QUALICUM,H9
trimmed_radseq_P3_R1.fastq.gz,ATAAGGCTG,QUALICUM,15547,QUALICUM,A10
trimmed_radseq_P3_R1.fastq.gz,GAGTAG,PUNTLEDGE,1249,PUNTLEDGE,B10
trimmed_radseq_P3_R1.fastq.gz,CGCTATGT,CHILLIWACK,221434,CHILLIWACK,C10
trimmed_radseq_P3_R1.fastq.gz,GTGAGACT,QUALICUM,5735,QUALICUM,D10
trimmed_radseq_P3_R1.fastq.gz,CGAGCAACCT,CHILLIWACK,18209,CHILLIWACK,E10
trimmed_radseq_P3_R1.fastq.gz,CACACTG,QUALICUM,15754,QUALICUM,F10
trimmed_radseq_P3_R1.fastq.gz,CGCATTCT,QUALICUM,5630,QUALICUM,G10
trimmed_radseq_P3_R1.fastq.gz,GCTAAG,CHILLIWACK,76083,CHILLIWACK,H10
trimmed_radseq_P3_R1.fastq.gz,CGACATTAG,CHILLIWACK,18257,CHILLIWACK,A11
trimmed_radseq_P3_R1.fastq.gz,GTTGTCCT,PUNTLEDGE,93753,PUNTLEDGE,B11
trimmed_radseq_P3_R1.fastq.gz,CCATACGAT,QUALICUM,5792,QUALICUM,C11
trimmed_radseq_P3_R1.fastq.gz,GTCACTCT,CHILLIWACK,51804,CHILLIWACK,D11
trimmed_radseq_P3_R1.fastq.gz,AGAACT,QUALICUM,7443,QUALICUM,E11
trimmed_radseq_P3_R1.fastq.gz,CCAAGTTAG,PUNTLEDGE,93869,PUNTLEDGE,F11
trimmed_radseq_P3_R1.fastq.gz,GCGACAACT,CHILLIWACK,223143,CHILLIWACK,G11
trimmed_radseq_P3_R1.fastq.gz,ACAGAGCAT,CHILLIWACK,223204,CHILLIWACK,H11
trimmed_radseq_P3_R1.fastq.gz,GGTTGG,PUNTLEDGE,1118,PUNTLEDGE,A12
trimmed_radseq_P3_R1.fastq.gz,AGCCACT,CHILLIWACK,223041,CHILLIWACK,B12
trimmed_radseq_P3_R1.fastq.gz,AGAGCAT,PUNTLEDGE,93934,PUNTLEDGE,C12
trimmed_radseq_P3_R1.fastq.gz,TGACAGTG,CHILLIWACK,19683,CHILLIWACK,D12
trimmed_radseq_P3_R1.fastq.gz,GCACAGATAG,QUALICUM,5968,QUALICUM,E12
trimmed_radseq_P3_R1.fastq.gz,AACCGT,CHILLIWACK,19217,CHILLIWACK,F12
trimmed_radseq_P3_R1.fastq.gz,AACTCAG,QUALICUM,6308,QUALICUM,G12
trimmed_radseq_P3_R1.fastq.gz,GTTCGAAG,PUNTLEDGE,1029,PUNTLEDGE,H12
trimmed_radseq_P4_R1.fastq.gz,AACAGCT,QUALICUM,7416,QUALICUM,A1
trimmed_radseq_P4_R1.fastq.gz,TACTTGGAG,PUNTLEDGE,93685,PUNTLEDGE,B1
trimmed_radseq_P4_R1.fastq.gz,GGCTATATAG,PUNTLEDGE,93903,PUNTLEDGE,C1
trimmed_radseq_P4_R1.fastq.gz,TACTCCGT,PUNTLEDGE,93616,PUNTLEDGE,D1
trimmed_radseq_P4_R1.fastq.gz,GAACGTTAG,QUALICUM,70804,QUALICUM,E1
trimmed_radseq_P4_R1.fastq.gz,TCCTACG,PUNTLEDGE,1024,PUNTLEDGE,F1
trimmed_radseq_P4_R1.fastq.gz,AAGACG,QUALICUM,5664,QUALICUM,G1
trimmed_radseq_P4_R1.fastq.gz,CCTGAT,PUNTLEDGE,93646,PUNTLEDGE,H1
trimmed_radseq_P4_R1.fastq.gz,CGCCAATGT,CHILLIWACK,18486,CHILLIWACK,A2
trimmed_radseq_P4_R1.fastq.gz,CATAGT,PUNTLEDGE,240184,PUNTLEDGE,B2
trimmed_radseq_P4_R1.fastq.gz,GACGAT,PUNTLEDGE,93794,PUNTLEDGE,C2
trimmed_radseq_P4_R1.fastq.gz,TGTTACCG,CHILLIWACK,18158,CHILLIWACK,D2
trimmed_radseq_P4_R1.fastq.gz,AACAGG,CHILLIWACK,18497,CHILLIWACK,E2
trimmed_radseq_P4_R1.fastq.gz,TCTCCAGT,QUALICUM,5907,QUALICUM,F2
trimmed_radseq_P4_R1.fastq.gz,TACAGT,QUALICUM,15796,QUALICUM,G2
trimmed_radseq_P4_R1.fastq.gz,GTCAAG,QUALICUM,7434,QUALICUM,H2
trimmed_radseq_P4_R1.fastq.gz,ATGTGT,PUNTLEDGE,54417,PUNTLEDGE,A3
trimmed_radseq_P4_R1.fastq.gz,CCATGT,PUNTLEDGE,1292,PUNTLEDGE,B3
trimmed_radseq_P4_R1.fastq.gz,TTATAGCCG,PUNTLEDGE,54469,PUNTLEDGE,C3
trimmed_radseq_P4_R1.fastq.gz,TCTGGAGTAT,QUALICUM,7411,QUALICUM,D3
trimmed_radseq_P4_R1.fastq.gz,CGTGTTGT,CHILLIWACK,221477,CHILLIWACK,E3
trimmed_radseq_P4_R1.fastq.gz,TGCACTTG,PUNTLEDGE,1058,PUNTLEDGE,F3
trimmed_radseq_P4_R1.fastq.gz,GAATATCAGG,CHILLIWACK,76617,CHILLIWACK,G3
trimmed_radseq_P4_R1.fastq.gz,ACAATCGAG,QUALICUM,7414,QUALICUM,H3
trimmed_radseq_P4_R1.fastq.gz,ATACCG,PUNTLEDGE,1206,PUNTLEDGE,A4
trimmed_radseq_P4_R1.fastq.gz,AACGATGGT,PUNTLEDGE,1398,PUNTLEDGE,B4
trimmed_radseq_P4_R1.fastq.gz,AGGAAGCT,CHILLIWACK,223128,CHILLIWACK,C4
trimmed_radseq_P4_R1.fastq.gz,AGCTAG,CHILLIWACK,18164,CHILLIWACK,D4
trimmed_radseq_P4_R1.fastq.gz,TTGCTCCT,CHILLIWACK,76658,CHILLIWACK,E4
trimmed_radseq_P4_R1.fastq.gz,CTCCGTTGT,CHILLIWACK,51843,CHILLIWACK,F4
trimmed_radseq_P4_R1.fastq.gz,TACCAGG,CHILLIWACK,18271,CHILLIWACK,G4
trimmed_radseq_P4_R1.fastq.gz,TGACGTGGAT,PUNTLEDGE,25208,PUNTLEDGE,H4
trimmed_radseq_P4_R1.fastq.gz,TGAAGG,CHILLIWACK,18478,CHILLIWACK,A5
trimmed_radseq_P4_R1.fastq.gz,CTAACAACGT,CHILLIWACK,18275,CHILLIWACK,B5
trimmed_radseq_P4_R1.fastq.gz,TCGGATATCT,PUNTLEDGE,1136,PUNTLEDGE,C5
trimmed_radseq_P4_R1.fastq.gz,CTTAGAG,CHILLIWACK,80472,CHILLIWACK,D5
trimmed_radseq_P4_R1.fastq.gz,TTGCCAAG,CHILLIWACK,19218,CHILLIWACK,E5
trimmed_radseq_P4_R1.fastq.gz,CTGCGT,QUALICUM,5758,QUALICUM,F5
trimmed_radseq_P4_R1.fastq.gz,GTCCAATCAG,QUALICUM,7436,QUALICUM,G5
trimmed_radseq_P4_R1.fastq.gz,GAATCATTGG,CHILLIWACK,223762,CHILLIWACK,H5
trimmed_radseq_P4_R1.fastq.gz,ACGTGTAG,CHILLIWACK,76649,CHILLIWACK,A6
trimmed_radseq_P4_R1.fastq.gz,TGGTTACG,QUALICUM,6357,QUALICUM,B6
trimmed_radseq_P4_R1.fastq.gz,ACGGAGT,CHILLIWACK,76597,CHILLIWACK,C6
trimmed_radseq_P4_R1.fastq.gz,CTTAGG,CHILLIWACK,18380,CHILLIWACK,D6
trimmed_radseq_P4_R1.fastq.gz,CATGAG,QUALICUM,6073,QUALICUM,E6
trimmed_radseq_P4_R1.fastq.gz,GCGTTGAT,PUNTLEDGE,1119,PUNTLEDGE,F6
trimmed_radseq_P4_R1.fastq.gz,TCATGAACAG,CHILLIWACK,80468,CHILLIWACK,G6
trimmed_radseq_P4_R1.fastq.gz,GTCGAAT,QUALICUM,7425,QUALICUM,H6
trimmed_radseq_P4_R1.fastq.gz,GTTCCG,PUNTLEDGE,59459,PUNTLEDGE,A7
trimmed_radseq_P4_R1.fastq.gz,TACAGAGG,QUALICUM,7410,QUALICUM,B7
trimmed_radseq_P4_R1.fastq.gz,ACGAAG,PUNTLEDGE,1363,PUNTLEDGE,C7
trimmed_radseq_P4_R1.fastq.gz,CGTTACTTGG,PUNTLEDGE,93871,PUNTLEDGE,D7
trimmed_radseq_P4_R1.fastq.gz,CTTGTG,CHILLIWACK,18479,CHILLIWACK,E7
trimmed_radseq_P4_R1.fastq.gz,TGTCCG,PUNTLEDGE,1223,PUNTLEDGE,F7
trimmed_radseq_P4_R1.fastq.gz,GTTCGT,CHILLIWACK,51867,CHILLIWACK,G7
trimmed_radseq_P4_R1.fastq.gz,TACGTGCGAT,QUALICUM,5679,QUALICUM,H7
trimmed_radseq_P4_R1.fastq.gz,CCACATATTG,CHILLIWACK,18117,CHILLIWACK,A8
trimmed_radseq_P4_R1.fastq.gz,TTAGTTACGG,QUALICUM,15696,QUALICUM,B8
trimmed_radseq_P4_R1.fastq.gz,GGAAGTG,CHILLIWACK,18431,CHILLIWACK,C8
trimmed_radseq_P4_R1.fastq.gz,TACGTCAGCT,CHILLIWACK,18360,CHILLIWACK,D8
trimmed_radseq_P4_R1.fastq.gz,TTACCTCTAG,CHILLIWACK,19772,CHILLIWACK,E8
trimmed_radseq_P4_R1.fastq.gz,CAATACG,CHILLIWACK,80424,CHILLIWACK,F8
trimmed_radseq_P4_R1.fastq.gz,GCGACT,CHILLIWACK,80459,CHILLIWACK,G8
trimmed_radseq_P4_R1.fastq.gz,CAGAAGTGT,PUNTLEDGE,25408,PUNTLEDGE,H8
trimmed_radseq_P4_R1.fastq.gz,GGTACCAT,QUALICUM,15559,QUALICUM,A9
trimmed_radseq_P4_R1.fastq.gz,TCTTATTGCG,PUNTLEDGE,1383,PUNTLEDGE,B9
trimmed_radseq_P4_R1.fastq.gz,CGTAGCAT,PUNTLEDGE,1066,PUNTLEDGE,C9
trimmed_radseq_P4_R1.fastq.gz,TACTCGGAT,PUNTLEDGE,25348,PUNTLEDGE,D9
trimmed_radseq_P4_R1.fastq.gz,CTATTCGG,CHILLIWACK,80467,CHILLIWACK,E9
trimmed_radseq_P4_R1.fastq.gz,CTGAACT,QUALICUM,16707,QUALICUM,F9
trimmed_radseq_P4_R1.fastq.gz,CACACGTAT,PUNTLEDGE,240227,PUNTLEDGE,G9
trimmed_radseq_P4_R1.fastq.gz,ATCCAAGCG,QUALICUM,7404,QUALICUM,H9
trimmed_radseq_P4_R1.fastq.gz,GTCACGCCAT,PUNTLEDGE,93968,PUNTLEDGE,A10
trimmed_radseq_P4_R1.fastq.gz,ATTCGGT,QUALICUM,219207,QUALICUM,B10
trimmed_radseq_P4_R1.fastq.gz,GCTGAAT,QUALICUM,7407,QUALICUM,C10
trimmed_radseq_P4_R1.fastq.gz,GAATGCTCT,CHILLIWACK,18227,CHILLIWACK,D10
trimmed_radseq_P4_R1.fastq.gz,TGGCTCAAT,PUNTLEDGE,25420,PUNTLEDGE,E10
trimmed_radseq_P4_R1.fastq.gz,CGTAGAT,PUNTLEDGE,1022,PUNTLEDGE,F10
trimmed_radseq_P4_R1.fastq.gz,TGGTTCT,CHILLIWACK,19617,CHILLIWACK,G10
trimmed_radseq_P4_R1.fastq.gz,AAGCCT,QUALICUM,15686,QUALICUM,H10
trimmed_radseq_P4_R1.fastq.gz,CAGCATG,PUNTLEDGE,1220,PUNTLEDGE,A11
trimmed_radseq_P4_R1.fastq.gz,CGGACT,QUALICUM,15517,QUALICUM,B11
trimmed_radseq_P4_R1.fastq.gz,AAGTGG,QUALICUM,219421,QUALICUM,C11
trimmed_radseq_P4_R1.fastq.gz,AGCTCAT,CHILLIWACK,223767,CHILLIWACK,D11
trimmed_radseq_P4_R1.fastq.gz,AGGAGGT,PUNTLEDGE,93632,PUNTLEDGE,E11
trimmed_radseq_P4_R1.fastq.gz,GGCAATG,PUNTLEDGE,54464,PUNTLEDGE,F11
trimmed_radseq_P4_R1.fastq.gz,TCGTTACAAG,QUALICUM,219756,QUALICUM,G11
trimmed_radseq_P4_R1.fastq.gz,TTGAGT,QUALICUM,15649,QUALICUM,H11
trimmed_radseq_P4_R1.fastq.gz,GAACTCGT,CHILLIWACK,76496,CHILLIWACK,A12
trimmed_radseq_P4_R1.fastq.gz,GCCTTAGCCT,CHILLIWACK,18243,CHILLIWACK,B12
trimmed_radseq_P4_R1.fastq.gz,CCTACTATGT,CHILLIWACK,19702,CHILLIWACK,C12
trimmed_radseq_P4_R1.fastq.gz,ATAGACG,QUALICUM,7440,QUALICUM,D12
trimmed_radseq_P4_R1.fastq.gz,AGTCACTG,PUNTLEDGE,25240,PUNTLEDGE,E12
trimmed_radseq_P4_R1.fastq.gz,TTCGAGGAT,CHILLIWACK,76431,CHILLIWACK,F12
trimmed_radseq_P4_R1.fastq.gz,TCATAGG,QUALICUM,15614,QUALICUM,G12
trimmed_radseq_P4_R1.fastq.gz,ACAGTTG,PUNTLEDGE,1317,PUNTLEDGE,H12
trimmed_radseq_P5_R1.fastq.gz,CGTCTACT,QUALICUM,15474,QUALICUM,A1
trimmed_radseq_P5_R1.fastq.gz,TTAGGTCAG,QUALICUM,7431,QUALICUM,B1
trimmed_radseq_P5_R1.fastq.gz,ACCGAT,CHILLIWACK,18485,CHILLIWACK,C1
trimmed_radseq_P5_R1.fastq.gz,ACTATCCG,CHILLIWACK,76622,CHILLIWACK,D1
trimmed_radseq_P5_R1.fastq.gz,TGGATAACG,QUALICUM,5815,QUALICUM,E1
trimmed_radseq_P5_R1.fastq.gz,TGTCGAT,QUALICUM,5736,QUALICUM,F1
trimmed_radseq_P5_R1.fastq.gz,CTCTTATACG,PUNTLEDGE,54320,PUNTLEDGE,G1
trimmed_radseq_P5_R1.fastq.gz,TGCACAG,PUNTLEDGE,1192,PUNTLEDGE,H1
trimmed_radseq_P5_R1.fastq.gz,ATTGGTACAG,QUALICUM,7402,QUALICUM,A2
trimmed_radseq_P5_R1.fastq.gz,CTATCACCG,CHILLIWACK,18233,CHILLIWACK,B2
trimmed_radseq_P5_R1.fastq.gz,ACGAGT,CHILLIWACK,223499,CHILLIWACK,C2
trimmed_radseq_P5_R1.fastq.gz,GTCGTCAGTG,QUALICUM,16472,QUALICUM,D2
trimmed_radseq_P5_R1.fastq.gz,TGAAGCACTG,PUNTLEDGE,25445,PUNTLEDGE,E2
trimmed_radseq_P5_R1.fastq.gz,GGTCAT,CHILLIWACK,18462,CHILLIWACK,F2
trimmed_radseq_P5_R1.fastq.gz,ATAGACAGAG,PUNTLEDGE,93773,PUNTLEDGE,G2
trimmed_radseq_P5_R1.fastq.gz,AGTCGGCTGT,QUALICUM,6076,QUALICUM,H2
trimmed_radseq_P5_R1.fastq.gz,CCGAATG,PUNTLEDGE,1366,PUNTLEDGE,A3
trimmed_radseq_P5_R1.fastq.gz,CTGTTG,CHILLIWACK,76158,CHILLIWACK,B3
trimmed_radseq_P5_R1.fastq.gz,ATCCGTATCG,PUNTLEDGE,1379,PUNTLEDGE,C3
trimmed_radseq_P5_R1.fastq.gz,GTCCACT,CHILLIWACK,76541,CHILLIWACK,D3
trimmed_radseq_P5_R1.fastq.gz,CCACAGCCAT,CHILLIWACK,18267,CHILLIWACK,E3
trimmed_radseq_P5_R1.fastq.gz,GCCTATCT,PUNTLEDGE,54403,PUNTLEDGE,F3
trimmed_radseq_P5_R1.fastq.gz,CGTGAAG,QUALICUM,7449,QUALICUM,G3
trimmed_radseq_P5_R1.fastq.gz,GTACCACGT,CHILLIWACK,51803,CHILLIWACK,H3
trimmed_radseq_P5_R1.fastq.gz,TCGGTTGT,CHILLIWACK,223848,CHILLIWACK,A4
trimmed_radseq_P5_R1.fastq.gz,GATGGAT,QUALICUM,6359,QUALICUM,B4
trimmed_radseq_P5_R1.fastq.gz,TTCATATCGG,CHILLIWACK,76442,CHILLIWACK,C4
trimmed_radseq_P5_R1.fastq.gz,GACAGTAGTG,QUALICUM,3837,QUALICUM,D4
trimmed_radseq_P5_R1.fastq.gz,TCCGTACTG,PUNTLEDGE,25560,PUNTLEDGE,E4
trimmed_radseq_P5_R1.fastq.gz,GTGAGAAG,PUNTLEDGE,54351,PUNTLEDGE,F4
trimmed_radseq_P5_R1.fastq.gz,GAACATG,CHILLIWACK,40410,CHILLIWACK,G4
trimmed_radseq_P5_R1.fastq.gz,AGTTGAACAG,PUNTLEDGE,1331,PUNTLEDGE,H4
trimmed_radseq_P5_R1.fastq.gz,GAGATG,QUALICUM,5856,QUALICUM,A5
trimmed_radseq_P5_R1.fastq.gz,TATTCCGAGT,PUNTLEDGE,1050,PUNTLEDGE,B5
trimmed_radseq_P5_R1.fastq.gz,GGTAGT,PUNTLEDGE,25311,PUNTLEDGE,C5
trimmed_radseq_P5_R1.fastq.gz,GCCAGGACAT,CHILLIWACK,51815,CHILLIWACK,D5
trimmed_radseq_P5_R1.fastq.gz,CGAGGATGT,PUNTLEDGE,93607,PUNTLEDGE,E5
trimmed_radseq_P5_R1.fastq.gz,GCAAGT,CHILLIWACK,18136,CHILLIWACK,F5
trimmed_radseq_P5_R1.fastq.gz,TTCCAG,PUNTLEDGE,1318,PUNTLEDGE,G5
trimmed_radseq_P5_R1.fastq.gz,TGTCAACCT,CHILLIWACK,51844,CHILLIWACK,H5
trimmed_radseq_P5_R1.fastq.gz,GGACATACG,PUNTLEDGE,25399,PUNTLEDGE,A6
trimmed_radseq_P5_R1.fastq.gz,AATCGAGG,QUALICUM,7427,QUALICUM,B6
trimmed_radseq_P5_R1.fastq.gz,TGCATG,PUNTLEDGE,54341,PUNTLEDGE,C6
trimmed_radseq_P5_R1.fastq.gz,CTATATGAGG,CHILLIWACK,19430,CHILLIWACK,D6
trimmed_radseq_P5_R1.fastq.gz,ATCAGT,QUALICUM,6101,QUALICUM,E6
trimmed_radseq_P5_R1.fastq.gz,ATCTGTCAGG,PUNTLEDGE,1055,PUNTLEDGE,F6
trimmed_radseq_P5_R1.fastq.gz,TACGGTG,QUALICUM,5677,QUALICUM,G6
trimmed_radseq_P5_R1.fastq.gz,ATCTTACGAG,QUALICUM,6379,QUALICUM,H6
trimmed_radseq_P5_R1.fastq.gz,GAAGGCTACG,CHILLIWACK,76185,CHILLIWACK,A7
trimmed_radseq_P5_R1.fastq.gz,CTCTGAGT,QUALICUM,16406,QUALICUM,B7
trimmed_radseq_P5_R1.fastq.gz,CACGCTTAG,PUNTLEDGE,63,PUNTLEDGE,C7
trimmed_radseq_P5_R1.fastq.gz,GTAAGCGTG,CHILLIWACK,76265,CHILLIWACK,D7
trimmed_radseq_P5_R1.fastq.gz,GTAGGT,CHILLIWACK,223636,CHILLIWACK,E7
trimmed_radseq_P5_R1.fastq.gz,GGCTAT,QUALICUM,15938,QUALICUM,F7
trimmed_radseq_P5_R1.fastq.gz,AACCACGCT,CHILLIWACK,19277,CHILLIWACK,G7
trimmed_radseq_P5_R1.fastq.gz,GCATTCCT,QUALICUM,16350,QUALICUM,H7
trimmed_radseq_P5_R1.fastq.gz,CCGTTAG,QUALICUM,5811,QUALICUM,A8
trimmed_radseq_P5_R1.fastq.gz,TTGACGG,CHILLIWACK,76412,CHILLIWACK,B8
trimmed_radseq_P5_R1.fastq.gz,AGAATGG,PUNTLEDGE,25344,PUNTLEDGE,C8
trimmed_radseq_P5_R1.fastq.gz,CCATCCATG,PUNTLEDGE,54432,PUNTLEDGE,D8
trimmed_radseq_P5_R1.fastq.gz,AGTTAGG,PUNTLEDGE,93901,PUNTLEDGE,E8
trimmed_radseq_P5_R1.fastq.gz,CCATTCAGT,CHILLIWACK,19400,CHILLIWACK,F8
trimmed_radseq_P5_R1.fastq.gz,TCAGTACG,QUALICUM,6062,QUALICUM,G8
trimmed_radseq_P5_R1.fastq.gz,GGTTAGCT,PUNTLEDGE,25385,PUNTLEDGE,H8
trimmed_radseq_P5_R1.fastq.gz,GTGCAT,CHILLIWACK,51670,CHILLIWACK,A9
trimmed_radseq_P5_R1.fastq.gz,GTACCATGG,PUNTLEDGE,25679,PUNTLEDGE,B9
trimmed_radseq_P5_R1.fastq.gz,CATCACGT,CHILLIWACK,76681,CHILLIWACK,C9
trimmed_radseq_P5_R1.fastq.gz,CGTGGACAAT,CHILLIWACK,18127,CHILLIWACK,D9
trimmed_radseq_P5_R1.fastq.gz,TCTTGG,QUALICUM,6132,QUALICUM,E9
trimmed_radseq_P5_R1.fastq.gz,CTCAGCGTAG,CHILLIWACK,76584,CHILLIWACK,F9
trimmed_radseq_P5_R1.fastq.gz,GACACT,QUALICUM,15887,QUALICUM,G9
trimmed_radseq_P5_R1.fastq.gz,ATATGCGGT,QUALICUM,6193,QUALICUM,H9
trimmed_radseq_P5_R1.fastq.gz,TACCGTCAT,PUNTLEDGE,1252,PUNTLEDGE,A10
trimmed_radseq_P5_R1.fastq.gz,CTGTACCT,QUALICUM,15944,QUALICUM,B10
trimmed_radseq_P5_R1.fastq.gz,GCATACGGAG,PUNTLEDGE,25513,PUNTLEDGE,C10
trimmed_radseq_P5_R1.fastq.gz,AGACTCT,PUNTLEDGE,1310,PUNTLEDGE,D10
trimmed_radseq_P5_R1.fastq.gz,GTCTTAG,QUALICUM,7406,QUALICUM,E10
trimmed_radseq_P5_R1.fastq.gz,TGGAAG,CHILLIWACK,76655,CHILLIWACK,F10
trimmed_radseq_P5_R1.fastq.gz,TCTCTTG,PUNTLEDGE,1296,PUNTLEDGE,G10
trimmed_radseq_P5_R1.fastq.gz,ACCTTG,PUNTLEDGE,1198,PUNTLEDGE,H10
trimmed_radseq_P5_R1.fastq.gz,CTGGTCACGT,PUNTLEDGE,25219,PUNTLEDGE,A11
trimmed_radseq_P5_R1.fastq.gz,GAATCTGTCT,CHILLIWACK,80427,CHILLIWACK,B11
trimmed_radseq_P5_R1.fastq.gz,ACACCGT,PUNTLEDGE,54423,PUNTLEDGE,C11
trimmed_radseq_P5_R1.fastq.gz,TCCAAGGT,PUNTLEDGE,1369,PUNTLEDGE,D11
trimmed_radseq_P5_R1.fastq.gz,CACGAGCTTG,CHILLIWACK,19607,CHILLIWACK,E11
trimmed_radseq_P5_R1.fastq.gz,TTCCTGGT,QUALICUM,16454,QUALICUM,F11
trimmed_radseq_P5_R1.fastq.gz,AGAAGCCAT,CHILLIWACK,76590,CHILLIWACK,G11
trimmed_radseq_P5_R1.fastq.gz,ACGTACTG,QUALICUM,6288-2,QUALICUM,H11
trimmed_radseq_P5_R1.fastq.gz,AGGCAGAT,QUALICUM,5830-1,QUALICUM,A12
trimmed_radseq_P5_R1.fastq.gz,TCGATAGTAG,QUALICUM,5830-2,QUALICUM,B12
trimmed_radseq_P5_R1.fastq.gz,TCCATAAGG,QUALICUM,219836,QUALICUM,C12
trimmed_radseq_P5_R1.fastq.gz,CTCCAACTG,CHILLIWACK,18435,CHILLIWACK,D12
trimmed_radseq_P5_R1.fastq.gz,CCTTGAGCTG,CHILLIWACK,223627,CHILLIWACK,E12
trimmed_radseq_P5_R1.fastq.gz,GGAGAGACT,QUALICUM,7435,QUALICUM,F12
trimmed_radseq_P5_R1.fastq.gz,TGGTAGGCT,PUNTLEDGE,1344,PUNTLEDGE,G12
trimmed_radseq_P5_R1.fastq.gz,GTACTGG,CHILLIWACK,223847,CHILLIWACK,H12
trimmed_radseq_P6_R1.fastq.gz,CTCGACT,QUALICUM,5722,QUALICUM,A1
trimmed_radseq_P6_R1.fastq.gz,AATGCG,CHILLIWACK,19257,CHILLIWACK,B1
trimmed_radseq_P6_R1.fastq.gz,GAGTCT,QUALICUM,5793,QUALICUM,C1
trimmed_radseq_P6_R1.fastq.gz,TAGCTGT,QUALICUM,5846,QUALICUM,D1
trimmed_radseq_P6_R1.fastq.gz,GAGATAG,PUNTLEDGE,1154,PUNTLEDGE,E1
trimmed_radseq_P6_R1.fastq.gz,CTGGCAT,CHILLIWACK,18224,CHILLIWACK,F1
trimmed_radseq_P6_R1.fastq.gz,GTTCTCT,QUALICUM,15935,QUALICUM,G1
trimmed_radseq_P6_R1.fastq.gz,AACTCCTGG,QUALICUM,15939,QUALICUM,H1
trimmed_radseq_P6_R1.fastq.gz,ATACATCAGG,QUALICUM,7453,QUALICUM,A2
trimmed_radseq_P6_R1.fastq.gz,GCATAGCAAT,CHILLIWACK,18454,CHILLIWACK,B2
trimmed_radseq_P6_R1.fastq.gz,GGTAGGAT,QUALICUM,5963,QUALICUM,C2
trimmed_radseq_P6_R1.fastq.gz,CGGTAAGT,CHILLIWACK,19429,CHILLIWACK,D2
trimmed_radseq_P6_R1.fastq.gz,CGAGTATG,CHILLIWACK,19308,CHILLIWACK,E2
trimmed_radseq_P6_R1.fastq.gz,CGACTCAACT,PUNTLEDGE,25524,PUNTLEDGE,F2
trimmed_radseq_P6_R1.fastq.gz,TGAGGT,QUALICUM,6041,QUALICUM,G2
trimmed_radseq_P6_R1.fastq.gz,GCTGATT,PUNTLEDGE,240124,PUNTLEDGE,H2
trimmed_radseq_P6_R1.fastq.gz,ACATCG,PUNTLEDGE,1194,PUNTLEDGE,A3
trimmed_radseq_P6_R1.fastq.gz,GGCAGATTG,PUNTLEDGE,25465,PUNTLEDGE,B3
trimmed_radseq_P6_R1.fastq.gz,TAGTCAGG,QUALICUM,219782,QUALICUM,C3
trimmed_radseq_P6_R1.fastq.gz,TATGACGCAT,CHILLIWACK,19503,CHILLIWACK,D3
trimmed_radseq_P6_R1.fastq.gz,TTAGCCGT,CHILLIWACK,51665,CHILLIWACK,E3
trimmed_radseq_P6_R1.fastq.gz,ATAAGCACG,CHILLIWACK,80433,CHILLIWACK,F3
trimmed_radseq_P6_R1.fastq.gz,CAATGTCGT,CHILLIWACK,76411,CHILLIWACK,G3
trimmed_radseq_P6_R1.fastq.gz,TTGGTAG,QUALICUM,15658,QUALICUM,H3
trimmed_radseq_P6_R1.fastq.gz,GATCCT,QUALICUM,50190,QUALICUM,A4
trimmed_radseq_P6_R1.fastq.gz,CATCGTAG,QUALICUM,5824,QUALICUM,B4
trimmed_radseq_P6_R1.fastq.gz,CATATG,PUNTLEDGE,25666,PUNTLEDGE,C4
trimmed_radseq_P6_R1.fastq.gz,AGAACAGTG,PUNTLEDGE,1070,PUNTLEDGE,D4
trimmed_radseq_P6_R1.fastq.gz,ACAAGG,CHILLIWACK,76430,CHILLIWACK,E4
trimmed_radseq_P6_R1.fastq.gz,ACCTCTGT,PUNTLEDGE,1077,PUNTLEDGE,F4
trimmed_radseq_P6_R1.fastq.gz,CTTACTG,CHILLIWACK,19324,CHILLIWACK,G4
trimmed_radseq_P6_R1.fastq.gz,CTGTCCACAG,QUALICUM,6147,QUALICUM,H4
trimmed_radseq_P6_R1.fastq.gz,TAACGG,QUALICUM,15848,QUALICUM,A5
trimmed_radseq_P6_R1.fastq.gz,GTCATGTGCG,PUNTLEDGE,25268,PUNTLEDGE,B5
trimmed_radseq_P6_R1.fastq.gz,GATCAG,CHILLIWACK,51801,CHILLIWACK,C5
trimmed_radseq_P6_R1.fastq.gz,AGTGTAACCT,QUALICUM,5743,QUALICUM,D5
trimmed_radseq_P6_R1.fastq.gz,ATCGCAAG,PUNTLEDGE,25649,PUNTLEDGE,E5
trimmed_radseq_P6_R1.fastq.gz,TGAGGCT,CHILLIWACK,74499,CHILLIWACK,F5
trimmed_radseq_P6_R1.fastq.gz,TTATGCGTAG,CHILLIWACK,19486,CHILLIWACK,G5
trimmed_radseq_P6_R1.fastq.gz,CCTCTTAG,QUALICUM,15563,QUALICUM,H5
trimmed_radseq_P6_R1.fastq.gz,AACCGCTTG,QUALICUM,7460,QUALICUM,A6
trimmed_radseq_P6_R1.fastq.gz,GATGTG,QUALICUM,6230,QUALICUM,B6
trimmed_radseq_P6_R1.fastq.gz,CAAGTCCAT,CHILLIWACK,76242,CHILLIWACK,C6
trimmed_radseq_P6_R1.fastq.gz,ACATACCAG,CHILLIWACK,326,CHILLIWACK,D6
trimmed_radseq_P6_R1.fastq.gz,ACTTGAG,PUNTLEDGE,25296,PUNTLEDGE,E6
trimmed_radseq_P6_R1.fastq.gz,CGATTCCT,QUALICUM,6331,QUALICUM,F6
trimmed_radseq_P6_R1.fastq.gz,TGATGAG,QUALICUM,7403,QUALICUM,G6
trimmed_radseq_P6_R1.fastq.gz,GAATCG,QUALICUM,219732,QUALICUM,H6
trimmed_radseq_P6_R1.fastq.gz,CCTTGAAG,QUALICUM,3873,QUALICUM,A7
trimmed_radseq_P6_R1.fastq.gz,CATTGTG,QUALICUM,16305,QUALICUM,B7
trimmed_radseq_P6_R1.fastq.gz,CGAAGAAGAT,QUALICUM,5675,QUALICUM,C7
trimmed_radseq_P6_R1.fastq.gz,GACGCTAT,CHILLIWACK,40412,CHILLIWACK,D7
trimmed_radseq_P6_R1.fastq.gz,CGCAATATG,CHILLIWACK,76119,CHILLIWACK,E7
trimmed_radseq_P6_R1.fastq.gz,AATGACG,PUNTLEDGE,25671,PUNTLEDGE,F7
trimmed_radseq_P6_R1.fastq.gz,TACGTCT,QUALICUM,6419,QUALICUM,G7
trimmed_radseq_P6_R1.fastq.gz,CACAGCACTG,CHILLIWACK,76334,CHILLIWACK,H7
trimmed_radseq_P6_R1.fastq.gz,AGATGCAGG,QUALICUM,16352,QUALICUM,A8
trimmed_radseq_P6_R1.fastq.gz,GCCGATAAT,PUNTLEDGE,1060,PUNTLEDGE,B8
trimmed_radseq_P6_R1.fastq.gz,ATGGAG,CHILLIWACK,328,CHILLIWACK,C8
trimmed_radseq_P6_R1.fastq.gz,AACATAGCG,CHILLIWACK,76669,CHILLIWACK,D8
trimmed_radseq_P6_R1.fastq.gz,TCGTGACT,CHILLIWACK,76591,CHILLIWACK,E8
trimmed_radseq_P6_R1.fastq.gz,TCCTATCTG,QUALICUM,5731,QUALICUM,F8
trimmed_radseq_P6_R1.fastq.gz,GACCGAACCT,PUNTLEDGE,1102,PUNTLEDGE,G8
trimmed_radseq_P6_R1.fastq.gz,CGCCTTATG,PUNTLEDGE,25572,PUNTLEDGE,H8
trimmed_radseq_P6_R1.fastq.gz,CCAGGTAAT,CHILLIWACK,76045,CHILLIWACK,A9
trimmed_radseq_P6_R1.fastq.gz,CTCCGAACT,QUALICUM,15659,QUALICUM,B9
trimmed_radseq_P6_R1.fastq.gz,GATTGCGT,QUALICUM,15543,QUALICUM,C9
trimmed_radseq_P6_R1.fastq.gz,TGCCAT,PUNTLEDGE,86,PUNTLEDGE,D9
trimmed_radseq_P6_R1.fastq.gz,TCAGAG,QUALICUM,15451,QUALICUM,E9
trimmed_radseq_P6_R1.fastq.gz,AGTCTAG,PUNTLEDGE,25478,PUNTLEDGE,F9
trimmed_radseq_P6_R1.fastq.gz,TTACACGG,QUALICUM,7458,QUALICUM,G9
trimmed_radseq_P6_R1.fastq.gz,GGAATG,PUNTLEDGE,25562,PUNTLEDGE,H9
trimmed_radseq_P6_R1.fastq.gz,TTAGTCTCG,PUNTLEDGE,25525,PUNTLEDGE,A10
trimmed_radseq_P6_R1.fastq.gz,AGTGCGGAAT,QUALICUM,15611,QUALICUM,B10
trimmed_radseq_P6_R1.fastq.gz,TTACCTG,CHILLIWACK,334,CHILLIWACK,C10
trimmed_radseq_P6_R1.fastq.gz,TTACCGCT,QUALICUM,16701,QUALICUM,D10
trimmed_radseq_P6_R1.fastq.gz,GGACTATAG,QUALICUM,7428,QUALICUM,E10
trimmed_radseq_P6_R1.fastq.gz,AGTCACGTAT,PUNTLEDGE,93673,PUNTLEDGE,F10
trimmed_radseq_P6_R1.fastq.gz,GTACTACCT,PUNTLEDGE,1105,PUNTLEDGE,G10
trimmed_radseq_P6_R1.fastq.gz,TACAACTTGG,CHILLIWACK,343,CHILLIWACK,H10
trimmed_radseq_P6_R1.fastq.gz,ATCTCCGCAT,CHILLIWACK,18466,CHILLIWACK,A11
trimmed_radseq_P6_R1.fastq.gz,AGCCATTG,CHILLIWACK,74475,CHILLIWACK,B11
trimmed_radseq_P6_R1.fastq.gz,GCTTAT,QUALICUM,16040,QUALICUM,C11
trimmed_radseq_P6_R1.fastq.gz,ACGCAT,PUNTLEDGE,25620,PUNTLEDGE,D11
trimmed_radseq_P6_R1.fastq.gz,GTATGCG,CHILLIWACK,74603,CHILLIWACK,E11
trimmed_radseq_P6_R1.fastq.gz,GTACAACG,CHILLIWACK,18469,CHILLIWACK,F11
trimmed_radseq_P6_R1.fastq.gz,AGTACGTGAT,CHILLIWACK,80466,CHILLIWACK,G11
trimmed_radseq_P6_R1.fastq.gz,TCAAGCT,CHILLIWACK,80482,CHILLIWACK,H11
trimmed_radseq_P6_R1.fastq.gz,CTGGCAAGCT,CHILLIWACK,76692,CHILLIWACK,A12
trimmed_radseq_P6_R1.fastq.gz,CTCAAGAGAT,CHILLIWACK,19214,CHILLIWACK,B12
trimmed_radseq_P6_R1.fastq.gz,ATAGGACCT,CHILLIWACK,19213,CHILLIWACK,C12
trimmed_radseq_P6_R1.fastq.gz,ATCACCAG,PUNTLEDGE,25410,PUNTLEDGE,D12
trimmed_radseq_P6_R1.fastq.gz,TGTGTG,CHILLIWACK,76523,CHILLIWACK,E12
trimmed_radseq_P6_R1.fastq.gz,CGTCATG,CHILLIWACK,221523,CHILLIWACK,F12
trimmed_radseq_P6_R1.fastq.gz,GGACCAT,PUNTLEDGE,25606,PUNTLEDGE,G12
trimmed_radseq_P6_R1.fastq.gz,TTCCTGACG,PUNTLEDGE,25511,PUNTLEDGE,H12
trimmed_radseq_P7_R1.fastq.gz,CGCTATTG,PUNTLEDGE,1151,PUNTLEDGE,A1
trimmed_radseq_P7_R1.fastq.gz,CAAGTG,QUALICUM,6190,QUALICUM,B1
trimmed_radseq_P7_R1.fastq.gz,AGTAGGTG,CHILLIWACK,221488,CHILLIWACK,C1
trimmed_radseq_P7_R1.fastq.gz,CTGCGGAACT,CHILLIWACK,19760,CHILLIWACK,D1
trimmed_radseq_P7_R1.fastq.gz,GCACTACAT,PUNTLEDGE,25646,PUNTLEDGE,E1
trimmed_radseq_P7_R1.fastq.gz,CACAAG,PUNTLEDGE,25545,PUNTLEDGE,F1
trimmed_radseq_P7_R1.fastq.gz,GCATGGT,PUNTLEDGE,25587,PUNTLEDGE,G1
trimmed_radseq_P7_R1.fastq.gz,CTTAGCT,CHILLIWACK,74513,CHILLIWACK,H1
trimmed_radseq_P7_R1.fastq.gz,ACCTGGT,CHILLIWACK,76163,CHILLIWACK,A2
trimmed_radseq_P7_R1.fastq.gz,GCCGTAATG,QUALICUM,16424,QUALICUM,B2
trimmed_radseq_P7_R1.fastq.gz,AAGGTGT,CHILLIWACK,18349,CHILLIWACK,C2
trimmed_radseq_P7_R1.fastq.gz,TTGTCG,QUALICUM,15501,QUALICUM,D2
trimmed_radseq_P7_R1.fastq.gz,TGACTG,CHILLIWACK,74445,CHILLIWACK,E2
trimmed_radseq_P7_R1.fastq.gz,ACGGCAAT,QUALICUM,15530,QUALICUM,F2
trimmed_radseq_P7_R1.fastq.gz,CTCACTTGCG,PUNTLEDGE,25488,PUNTLEDGE,G2
trimmed_radseq_P7_R1.fastq.gz,AGTTCCT,CHILLIWACK,18481,CHILLIWACK,H2
trimmed_radseq_P7_R1.fastq.gz,TGGACGTAG,CHILLIWACK,19270,CHILLIWACK,A3
trimmed_radseq_P7_R1.fastq.gz,TACTTAGCGT,PUNTLEDGE,25437,PUNTLEDGE,B3
trimmed_radseq_P7_R1.fastq.gz,CGTCTGT,QUALICUM,15436,QUALICUM,C3
trimmed_radseq_P7_R1.fastq.gz,GCAATTGG,CHILLIWACK,51855,CHILLIWACK,D3
trimmed_radseq_P7_R1.fastq.gz,CAGGAT,CHILLIWACK,335,CHILLIWACK,E3
trimmed_radseq_P7_R1.fastq.gz,TAGCTCG,PUNTLEDGE,25514,PUNTLEDGE,F3
trimmed_radseq_P7_R1.fastq.gz,TCAGTGGT,QUALICUM,7432,QUALICUM,G3
trimmed_radseq_P7_R1.fastq.gz,CGACTTG,QUALICUM,16332,QUALICUM,H3
trimmed_radseq_P7_R1.fastq.gz,TAGAGGAGG,CHILLIWACK,19525,CHILLIWACK,A4
trimmed_radseq_P7_R1.fastq.gz,CGACCATCTG,QUALICUM,3898,QUALICUM,B4
trimmed_radseq_P7_R1.fastq.gz,GGAGGTAAT,PUNTLEDGE,1074,PUNTLEDGE,C4
trimmed_radseq_P7_R1.fastq.gz,GTCTTG,CHILLIWACK,19333,CHILLIWACK,D4
trimmed_radseq_P7_R1.fastq.gz,CAGCCTAT,PUNTLEDGE,25676,PUNTLEDGE,E4
trimmed_radseq_P7_R1.fastq.gz,TATGGCAG,CHILLIWACK,19604,CHILLIWACK,F4
trimmed_radseq_P7_R1.fastq.gz,TCCGTGAGT,PUNTLEDGE,25622,PUNTLEDGE,G4
trimmed_radseq_P7_R1.fastq.gz,TCAACG,QUALICUM,6058,QUALICUM,H4
trimmed_radseq_P7_R1.fastq.gz,TAGGAG,PUNTLEDGE,25430,PUNTLEDGE,A5
trimmed_radseq_P7_R1.fastq.gz,AGTGATG,PUNTLEDGE,25558,PUNTLEDGE,B5
trimmed_radseq_P7_R1.fastq.gz,TCGAACCT,PUNTLEDGE,25664,PUNTLEDGE,C5
trimmed_radseq_P7_R1.fastq.gz,CGTACATG,PUNTLEDGE,25598,PUNTLEDGE,D5
trimmed_radseq_P7_R1.fastq.gz,GGCGATACCT,QUALICUM,6411,QUALICUM,E5
trimmed_radseq_P7_R1.fastq.gz,AGCTGGAT,QUALICUM,16342,QUALICUM,F5
trimmed_radseq_P7_R1.fastq.gz,TTGAAGCG,CHILLIWACK,19629,CHILLIWACK,G5
trimmed_radseq_P7_R1.fastq.gz,ACACCTCTG,QUALICUM,16311,QUALICUM,H5
trimmed_radseq_P7_R1.fastq.gz,ACTACGT,PUNTLEDGE,25292,PUNTLEDGE,A6
trimmed_radseq_P7_R1.fastq.gz,GAGGCAAT,CHILLIWACK,19650,CHILLIWACK,B6
trimmed_radseq_P7_R1.fastq.gz,TCAGAATTCG,QUALICUM,15453,QUALICUM,C6
trimmed_radseq_P7_R1.fastq.gz,GAGTCAG,PUNTLEDGE,93827,PUNTLEDGE,D6
trimmed_radseq_P7_R1.fastq.gz,GAAGTACTTG,QUALICUM,7415,QUALICUM,E6
trimmed_radseq_P7_R1.fastq.gz,TTCAGCG,PUNTLEDGE,25575,PUNTLEDGE,F6
trimmed_radseq_P7_R1.fastq.gz,TGTTCAATGG,PUNTLEDGE,25504,PUNTLEDGE,G6
trimmed_radseq_P7_R1.fastq.gz,ACCTGT,CHILLIWACK,223648,CHILLIWACK,H6
trimmed_radseq_P7_R1.fastq.gz,ATGCTACG,CHILLIWACK,19451,CHILLIWACK,A7
trimmed_radseq_P7_R1.fastq.gz,TATTGACAGG,PUNTLEDGE,25383,PUNTLEDGE,B7
trimmed_radseq_P7_R1.fastq.gz,AGCTTCG,PUNTLEDGE,240123-BU,PUNTLEDGE,C7
trimmed_radseq_P7_R1.fastq.gz,AGGTAGACGG,CHILLIWACK,19295-R,CHILLIWACK,D7
trimmed_radseq_P7_R1.fastq.gz,TGTAGACG,QUALICUM,5622,QUALICUM,E7
trimmed_radseq_P7_R1.fastq.gz,TAATCCTCG,PUNTLEDGE,54319-BU,PUNTLEDGE,F7
trimmed_radseq_P7_R1.fastq.gz,TTCCATG,QUALICUM,219616-BU,QUALICUM,G7
trimmed_radseq_P7_R1.fastq.gz,GAAGGAGCT,PUNTLEDGE,54322,PUNTLEDGE,H7
trimmed_radseq_P7_R1.fastq.gz,GCATATACG,CHILLIWACK,19722-R,CHILLIWACK,A8
trimmed_radseq_P7_R1.fastq.gz,CGGATGAT,PUNTLEDGE,54401,PUNTLEDGE,B8
trimmed_radseq_P7_R1.fastq.gz,TACGCTGAT,PUNTLEDGE,240134,PUNTLEDGE,C8
trimmed_radseq_P7_R1.fastq.gz,ACTCTG,QUALICUM,219379,QUALICUM,D8
trimmed_radseq_P7_R1.fastq.gz,CGAACACTCG,CHILLIWACK,223059,CHILLIWACK,E8
trimmed_radseq_P7_R1.fastq.gz,GATAAGG,CHILLIWACK,51821,CHILLIWACK,F8
trimmed_radseq_P7_R1.fastq.gz,GAACGACTG,QUALICUM,219798,QUALICUM,G8
trimmed_radseq_P7_R1.fastq.gz,AACCTG,CHILLIWACK,19730-R,CHILLIWACK,H8
trimmed_radseq_P7_R1.fastq.gz,GGTTCTTG,CHILLIWACK,40577-R,CHILLIWACK,A9
trimmed_radseq_P7_R1.fastq.gz,CCTCGATTGG,CHILLIWACK,40532-R,CHILLIWACK,B9
trimmed_radseq_P7_R1.fastq.gz,GCCATTATTG,CHILLIWACK,40566-R,CHILLIWACK,C9
trimmed_radseq_P7_R1.fastq.gz,ACACAGACT,PUNTLEDGE,93615,PUNTLEDGE,D9
trimmed_radseq_P7_R1.fastq.gz,TACAAGACAG,PUNTLEDGE,54353,PUNTLEDGE,E9
trimmed_radseq_P7_R1.fastq.gz,TGTGGTCT,CHILLIWACK,40551-R,CHILLIWACK,F9
trimmed_radseq_P7_R1.fastq.gz,AGACTTGGT,QUALICUM,6295-R,QUALICUM,G9
trimmed_radseq_P7_R1.fastq.gz,CTCGGCACAT,QUALICUM,50139-R,QUALICUM,H9
trimmed_radseq_P7_R1.fastq.gz,ATAAGGCTG,QUALICUM,5897,QUALICUM,A10
trimmed_radseq_P7_R1.fastq.gz,GAGTAG,QUALICUM,6202-R,QUALICUM,B10
trimmed_radseq_P7_R1.fastq.gz,CGCTATGT,QUALICUM,5690 Chelex,QUALICUM,C10
trimmed_radseq_P7_R1.fastq.gz,GTGAGACT,PUNTLEDGE,25663,PUNTLEDGE,D10
trimmed_radseq_P7_R1.fastq.gz,CGAGCAACCT,PUNTLEDGE,1227,PUNTLEDGE,E10
trimmed_radseq_P7_R1.fastq.gz,CACACTG,PUNTLEDGE,1258,PUNTLEDGE,F10
trimmed_radseq_P7_R1.fastq.gz,CGCATTCT,PUNTLEDGE,54404-BU,PUNTLEDGE,G10
trimmed_radseq_P7_R1.fastq.gz,GCTAAG,CHILLIWACK,19741-R,CHILLIWACK,H10
trimmed_radseq_P7_R1.fastq.gz,CGACATTAG,QUALICUM,6293,QUALICUM,A11
trimmed_radseq_P7_R1.fastq.gz,GTTGTCCT,QUALICUM,6043-R,QUALICUM,B11
trimmed_radseq_P7_R1.fastq.gz,CCATACGAT,QUALICUM,5993-BU,QUALICUM,C11
trimmed_radseq_P7_R1.fastq.gz,GTCACTCT,QUALICUM,15404,QUALICUM,D11
trimmed_radseq_P7_R1.fastq.gz,AGAACT,CHILLIWACK,19474-R,CHILLIWACK,E11
trimmed_radseq_P7_R1.fastq.gz,CCAAGTTAG,CHILLIWACK,19477-R,CHILLIWACK,F11
trimmed_radseq_P7_R1.fastq.gz,GCGACAACT,CHILLIWACK,19547-R,CHILLIWACK,G11
trimmed_radseq_P7_R1.fastq.gz,ACAGAGCAT,CHILLIWACK,19453-R,CHILLIWACK,H11
trimmed_radseq_P7_R1.fastq.gz,GGTTGG,CHILLIWACK,19599-R,CHILLIWACK,A12
trimmed_radseq_P7_R1.fastq.gz,AGCCACT,CHILLIWACK,19481-R,CHILLIWACK,B12
trimmed_radseq_P7_R1.fastq.gz,AGAGCAT,CHILLIWACK,19289-R,CHILLIWACK,C12
trimmed_radseq_P7_R1.fastq.gz,TGACAGTG,QUALICUM,6231-R,QUALICUM,D12
trimmed_radseq_P7_R1.fastq.gz,GCACAGATAG,QUALICUM,50173-R,QUALICUM,E12
trimmed_radseq_P7_R1.fastq.gz,AACCGT,CHILLIWACK,19707-R,CHILLIWACK,F12
trimmed_radseq_P7_R1.fastq.gz,AACTCAG,CHILLIWACK,19460-R,CHILLIWACK,G12
trimmed_radseq_P7_R1.fastq.gz,GTTCGAAG,CHILLIWACK,51888,CHILLIWACK,H12
trimmed_radseq_P8_R1.fastq.gz,AACAGCT,QUALICUM,5942-R,QUALICUM,A1
trimmed_radseq_P8_R1.fastq.gz,TACTTGGAG,CHILLIWACK,19545-R,CHILLIWACK,B1
trimmed_radseq_P8_R1.fastq.gz,GGCTATATAG,CHILLIWACK,19550-R,CHILLIWACK,C1
trimmed_radseq_P8_R1.fastq.gz,TACTCCGT,QUALICUM,6288-1-R,QUALICUM,D1
trimmed_radseq_P8_R1.fastq.gz,GAACGTTAG,CHILLIWACK,19570-R,CHILLIWACK,E1
trimmed_radseq_P8_R1.fastq.gz,TCCTACG,QUALICUM,5829-R,QUALICUM,F1
trimmed_radseq_P8_R1.fastq.gz,AAGACG,CHILLIWACK,19321-R,CHILLIWACK,G1
trimmed_radseq_P8_R1.fastq.gz,CCTGAT,QUALICUM,6487-R,QUALICUM,H1
trimmed_radseq_P8_R1.fastq.gz,CGCCAATGT,QUALICUM,5643 Chelex,QUALICUM,A2
trimmed_radseq_P8_R1.fastq.gz,CATAGT,CHILLIWACK,74401,CHILLIWACK,B2
trimmed_radseq_P8_R1.fastq.gz,GACGAT,QUALICUM,50165-R,QUALICUM,C2
trimmed_radseq_P8_R1.fastq.gz,TGTTACCG,CHILLIWACK,76034,CHILLIWACK,D2
trimmed_radseq_P8_R1.fastq.gz,AACAGG,PUNTLEDGE,25653,PUNTLEDGE,E2
trimmed_radseq_P8_R1.fastq.gz,TCTCCAGT,PUNTLEDGE,1132,PUNTLEDGE,F2
trimmed_radseq_P8_R1.fastq.gz,TACAGT,PUNTLEDGE,240163,PUNTLEDGE,G2
trimmed_radseq_P8_R1.fastq.gz,GTCAAG,QUALICUM,219485,QUALICUM,H2
trimmed_radseq_P8_R1.fastq.gz,ATGTGT,PUNTLEDGE,94011,PUNTLEDGE,A3
trimmed_radseq_P8_R1.fastq.gz,CCATGT,PUNTLEDGE,240168,PUNTLEDGE,B3
trimmed_radseq_P8_R1.fastq.gz,TTATAGCCG,QUALICUM,70885,QUALICUM,C3
trimmed_radseq_P8_R1.fastq.gz,TCTGGAGTAT,QUALICUM,70809,QUALICUM,D3
trimmed_radseq_P8_R1.fastq.gz,CGTGTTGT,PUNTLEDGE,240069,PUNTLEDGE,E3
trimmed_radseq_P8_R1.fastq.gz,TGCACTTG,QUALICUM,219394,QUALICUM,F3
trimmed_radseq_P8_R1.fastq.gz,GAATATCAGG,PUNTLEDGE,94012,PUNTLEDGE,G3
trimmed_radseq_P8_R1.fastq.gz,ACAATCGAG,PUNTLEDGE,240205,PUNTLEDGE,H3
trimmed_radseq_P8_R1.fastq.gz,ATACCG,PUNTLEDGE,240247,PUNTLEDGE,A4
trimmed_radseq_P8_R1.fastq.gz,AACGATGGT,QUALICUM,70806,QUALICUM,B4
trimmed_radseq_P8_R1.fastq.gz,AGGAAGCT,QUALICUM,70835,QUALICUM,C4
trimmed_radseq_P8_R1.fastq.gz,AGCTAG,PUNTLEDGE,25454,PUNTLEDGE,D4
trimmed_radseq_P8_R1.fastq.gz,TTGCTCCT,CHILLIWACK,18438,CHILLIWACK,E4
trimmed_radseq_P8_R1.fastq.gz,CTCCGTTGT,CHILLIWACK,223266,CHILLIWACK,F4
trimmed_radseq_P8_R1.fastq.gz,TACCAGG,PUNTLEDGE,240081,PUNTLEDGE,G4
trimmed_radseq_P8_R1.fastq.gz,TGACGTGGAT,CHILLIWACK,18394,CHILLIWACK,H4
trimmed_radseq_P8_R1.fastq.gz,TGAAGG,PUNTLEDGE,1137,PUNTLEDGE,A5
trimmed_radseq_P8_R1.fastq.gz,CTAACAACGT,QUALICUM,5802,QUALICUM,B5
trimmed_radseq_P8_R1.fastq.gz,TCGGATATCT,PUNTLEDGE,240077,PUNTLEDGE,C5
trimmed_radseq_P8_R1.fastq.gz,CTTAGAG,PUNTLEDGE,93727,PUNTLEDGE,D5
trimmed_radseq_P8_R1.fastq.gz,TTGCCAAG,QUALICUM,219298,QUALICUM,E5
trimmed_radseq_P8_R1.fastq.gz,CTGCGT,QUALICUM,6274,QUALICUM,F5
trimmed_radseq_P8_R1.fastq.gz,GTCCAATCAG,QUALICUM,6300,QUALICUM,G5
trimmed_radseq_P8_R1.fastq.gz,GAATCATTGG,PUNTLEDGE,240192,PUNTLEDGE,H5
trimmed_radseq_P8_R1.fastq.gz,ACGTGTAG,QUALICUM,6184,QUALICUM,A6
trimmed_radseq_P8_R1.fastq.gz,TGGTTACG,PUNTLEDGE,240058,PUNTLEDGE,B6
trimmed_radseq_P8_R1.fastq.gz,ACGGAGT,CHILLIWACK,223831,CHILLIWACK,C6
trimmed_radseq_P8_R1.fastq.gz,CTTAGG,CHILLIWACK,18287,CHILLIWACK,D6
trimmed_radseq_P8_R1.fastq.gz,CATGAG,PUNTLEDGE,240430,PUNTLEDGE,E6
trimmed_radseq_P8_R1.fastq.gz,GCGTTGAT,CHILLIWACK,18421,CHILLIWACK,F6
trimmed_radseq_P8_R1.fastq.gz,TCATGAACAG,PUNTLEDGE,240055,PUNTLEDGE,G6
trimmed_radseq_P8_R1.fastq.gz,GTCGAAT,PUNTLEDGE,54366,PUNTLEDGE,H6
trimmed_radseq_P8_R1.fastq.gz,GTTCCG,QUALICUM,16452,QUALICUM,A7
trimmed_radseq_P8_R1.fastq.gz,TACAGAGG,QUALICUM,6071,QUALICUM,B7
trimmed_radseq_P8_R1.fastq.gz,ACGAAG,QUALICUM,16481,QUALICUM,C7
trimmed_radseq_P8_R1.fastq.gz,CGTTACTTGG,PUNTLEDGE,25255,PUNTLEDGE,D7
trimmed_radseq_P8_R1.fastq.gz,CTTGTG,PUNTLEDGE,1052,PUNTLEDGE,E7
trimmed_radseq_P8_R1.fastq.gz,TGTCCG,PUNTLEDGE,25310,PUNTLEDGE,F7
trimmed_radseq_P8_R1.fastq.gz,GTTCGT,CHILLIWACK,74576,CHILLIWACK,G7
trimmed_radseq_P8_R1.fastq.gz,TACGTGCGAT,CHILLIWACK,74500,CHILLIWACK,H7
trimmed_radseq_P8_R1.fastq.gz,CCACATATTG,PUNTLEDGE,25247,PUNTLEDGE,A8
trimmed_radseq_P8_R1.fastq.gz,TTAGTTACGG,CHILLIWACK,76002,CHILLIWACK,B8
trimmed_radseq_P8_R1.fastq.gz,GGAAGTG,CHILLIWACK,19351,CHILLIWACK,C8
trimmed_radseq_P8_R1.fastq.gz,TACGTCAGCT,QUALICUM,16415,QUALICUM,D8
trimmed_radseq_P8_R1.fastq.gz,TTACCTCTAG,PUNTLEDGE,54390,PUNTLEDGE,E8
trimmed_radseq_P8_R1.fastq.gz,CAATACG,CHILLIWACK,223206,CHILLIWACK,F8
trimmed_radseq_P8_R1.fastq.gz,GCGACT,QUALICUM,71533,QUALICUM,G8
trimmed_radseq_P8_R1.fastq.gz,CAGAAGTGT,QUALICUM,219286,QUALICUM,H8
trimmed_radseq_P8_R1.fastq.gz,GGTACCAT,PUNTLEDGE,240257,PUNTLEDGE,A9
trimmed_radseq_P8_R1.fastq.gz,TCTTATTGCG,CHILLIWACK,223800,CHILLIWACK,B9
trimmed_radseq_P8_R1.fastq.gz,CGTAGCAT,PUNTLEDGE,54428,PUNTLEDGE,C9
trimmed_radseq_P8_R1.fastq.gz,TACTCGGAT,QUALICUM,15538,QUALICUM,D9
trimmed_radseq_P8_R1.fastq.gz,CTATTCGG,CHILLIWACK,18447,CHILLIWACK,E9
trimmed_radseq_P8_R1.fastq.gz,CTGAACT,PUNTLEDGE,93813,PUNTLEDGE,F9
trimmed_radseq_P8_R1.fastq.gz,CACACGTAT,QUALICUM,219665,QUALICUM,G9
trimmed_radseq_P8_R1.fastq.gz,ATCCAAGCG,PUNTLEDGE,1098,PUNTLEDGE,H9
trimmed_radseq_P8_R1.fastq.gz,GTCACGCCAT,PUNTLEDGE,93895,PUNTLEDGE,A10
trimmed_radseq_P8_R1.fastq.gz,ATTCGGT,CHILLIWACK,18276,CHILLIWACK,B10
trimmed_radseq_P8_R1.fastq.gz,GCTGAAT,QUALICUM,15652,QUALICUM,C10
trimmed_radseq_P8_R1.fastq.gz,GAATGCTCT,QUALICUM,6001,QUALICUM,D10
trimmed_radseq_P8_R1.fastq.gz,TGGCTCAAT,PUNTLEDGE,93698,PUNTLEDGE,E10
trimmed_radseq_P8_R1.fastq.gz,CGTAGAT,QUALICUM,5662,QUALICUM,F10
trimmed_radseq_P8_R1.fastq.gz,TGGTTCT,PUNTLEDGE,25550,PUNTLEDGE,G10
trimmed_radseq_P8_R1.fastq.gz,AAGCCT,CHILLIWACK,18494-1,CHILLIWACK,H10
trimmed_radseq_P8_R1.fastq.gz,CAGCATG,CHILLIWACK,18494-2,CHILLIWACK,A11
trimmed_radseq_P8_R1.fastq.gz,CGGACT,PUNTLEDGE,1166,PUNTLEDGE,B11
trimmed_radseq_P8_R1.fastq.gz,AAGTGG,CHILLIWACK,18386,CHILLIWACK,C11
trimmed_radseq_P8_R1.fastq.gz,AGCTCAT,QUALICUM,6250,QUALICUM,D11
trimmed_radseq_P8_R1.fastq.gz,AGGAGGT,PUNTLEDGE,25391,PUNTLEDGE,E11
trimmed_radseq_P8_R1.fastq.gz,GGCAATG,QUALICUM,7455,QUALICUM,F11
trimmed_radseq_P8_R1.fastq.gz,TCGTTACAAG,PUNTLEDGE,25286,PUNTLEDGE,G11
trimmed_radseq_P8_R1.fastq.gz,TTGAGT,CHILLIWACK,19484,CHILLIWACK,H11
trimmed_radseq_P8_R1.fastq.gz,GAACTCGT,QUALICUM,16456,QUALICUM,A12
trimmed_radseq_P8_R1.fastq.gz,GCCTTAGCCT,CHILLIWACK,19495,CHILLIWACK,B12
trimmed_radseq_P8_R1.fastq.gz,CCTACTATGT,QUALICUM,7405,QUALICUM,C12
trimmed_radseq_P8_R1.fastq.gz,ATAGACG,CHILLIWACK,74583,CHILLIWACK,D12
trimmed_radseq_P8_R1.fastq.gz,AGTCACTG,QUALICUM,6412,QUALICUM,E12
trimmed_radseq_P8_R1.fastq.gz,TTCGAGGAT,QUALICUM,16312,QUALICUM,F12
trimmed_radseq_P8_R1.fastq.gz,TCATAGG,CHILLIWACK,19744-R,CHILLIWACK,G12
trimmed_radseq_P8_R1.fastq.gz,ACAGTTG,QUALICUM,6240,QUALICUM,H12
