#Lane,Barcode,Population,Sample,Population,platePosition,subPlate
,CTCG,QUALICUM,71372,QUALICUM,A1,P1
,TGCA,QUALICUM,71192,QUALICUM,B1,P1
,ACTA,QUALICUM,71535,QUALICUM,C1,P1
,CAGA,QUALICUM,219688,QUALICUM,D1,P1
,AACT,QUALICUM,71021,QUALICUM,E1,P1
,GCGT,QUALICUM,71553,QUALICUM,F1,P1
,CGAT,PUNTLEDGE,93756,PUNTLEDGE,G1,P1
,GTAA,PUNTLEDGE,93892,PUNTLEDGE,H1,P1
,AGCG,QUALICUM,71288,QUALICUM,A2,P1
,GATG,PUNTLEDGE,240213,PUNTLEDGE,B2,P1
,TCAG,PUNTLEDGE,240229,PUNTLEDGE,C2,P1
,TGCGA,QUALICUM,219218,QUALICUM,D2,P1
,CGCTT,QUALICUM,219398,QUALICUM,E2,P1
,TCACG,PUNTLEDGE,240220,PUNTLEDGE,F2,P1
,CTAGG,CHILLIWACK,223764,CHILLIWACK,G2,P1
,ACAAA,QUALICUM,5866,QUALICUM,H2,P1
,TTCTG,QUALICUM,219416,QUALICUM,A3,P1
,AGCCG,CHILLIWACK,223361,CHILLIWACK,B3,P1
,GTATT,PUNTLEDGE,240248,PUNTLEDGE,C3,P1
,CTGTA,PUNTLEDGE,240170,PUNTLEDGE,D3,P1
,ACCGT,QUALICUM,71276,QUALICUM,E3,P1
,GCTTA,PUNTLEDGE,54344,PUNTLEDGE,F3,P1
,GGTGT,QUALICUM,71421,QUALICUM,G3,P1
,AGGAT,PUNTLEDGE,1233,PUNTLEDGE,H3,P1
,ATTGA,PUNTLEDGE,1290,PUNTLEDGE,A4,P1
,CATCT,QUALICUM,15468,QUALICUM,B4,P1
,CCTAG,PUNTLEDGE,240203,PUNTLEDGE,C4,P1
,GAGGA,PUNTLEDGE,240133,PUNTLEDGE,D4,P1
,GGAAG,QUALICUM,70971,QUALICUM,E4,P1
,GTCAA,QUALICUM,219455,QUALICUM,F4,P1
,TAATA,QUALICUM,70949,QUALICUM,G4,P1
,TACAT,QUALICUM,219633,QUALICUM,H4,P1
,TCGTT,CHILLIWACK,223801,CHILLIWACK,A5,P1
,GGTTGT,QUALICUM,7424,QUALICUM,B5,P1
,CCACGT,PUNTLEDGE,240233,PUNTLEDGE,C5,P1
,TTCAGA,PUNTLEDGE,240155,PUNTLEDGE,D5,P1
,TAGGAA,QUALICUM,5781,QUALICUM,E5,P1
,GCTCTA,QUALICUM,71564,QUALICUM,F5,P1
,CCACAA,PUNTLEDGE,240207,PUNTLEDGE,G5,P1
,CTTCCA,QUALICUM,219522,QUALICUM,H5,P1
,GAGATA,QUALICUM,219384,QUALICUM,A6,P1
,ATGCCT,PUNTLEDGE,54363,PUNTLEDGE,B6,P1
,AGTGGA,PUNTLEDGE,240407,PUNTLEDGE,C6,P1
,ACCTAA,PUNTLEDGE,54364,PUNTLEDGE,D6,P1
,ATATGT,QUALICUM,219624,QUALICUM,E6,P1
,ATCGTA,QUALICUM,6004,QUALICUM,F6,P1
,CATCGT,PUNTLEDGE,1346,PUNTLEDGE,G6,P1
,CGCGGT,PUNTLEDGE,240206,PUNTLEDGE,H6,P1
,CTATTA,PUNTLEDGE,240425,PUNTLEDGE,A7,P1
,GCCAGT,QUALICUM,7422,QUALICUM,B7,P1
,GGAAGA,CHILLIWACK,223686,CHILLIWACK,C7,P1
,GTACTT,QUALICUM,219279,QUALICUM,D7,P1
,GTTGAA,QUALICUM,71304,QUALICUM,E7,P1
,TAACGA,QUALICUM,5838,QUALICUM,F7,P1
,TGGCTA,PUNTLEDGE,240310,PUNTLEDGE,G7,P1
,TATTTTT,PUNTLEDGE,93793,PUNTLEDGE,H7,P1
,CTTGCTT,QUALICUM,6074,QUALICUM,A8,P1
,ATGAAAG,CHILLIWACK,223803,CHILLIWACK,B8,P1
,AAAAGTT,QUALICUM,219568,QUALICUM,C8,P1
,GAATTCA,QUALICUM,219283,QUALICUM,D8,P1
,GAACTTG,PUNTLEDGE,240030,PUNTLEDGE,E8,P1
,GGACCTA,PUNTLEDGE,240236,PUNTLEDGE,F8,P1
,GTCGATT,QUALICUM,5759,QUALICUM,G8,P1
,AACGCCT,PUNTLEDGE,240363,PUNTLEDGE,H8,P1
,AATATGG,CHILLIWACK,223016,CHILLIWACK,A9,P1
,ACGTGTT,PUNTLEDGE,240221,PUNTLEDGE,B9,P1
,ATTAATT,CHILLIWACK,18483,CHILLIWACK,C9,P1
,ATTGGAT,CHILLIWACK,223320,CHILLIWACK,D9,P1
,CATAAGT,CHILLIWACK,223700,CHILLIWACK,E9,P1
,CGCTGAT,QUALICUM,7438,QUALICUM,F9,P1
,CGGTAGA,QUALICUM,71080,QUALICUM,G9,P1
,CTACGGA,QUALICUM,71308,QUALICUM,H9,P1
,GCGGAAT,QUALICUM,71293,QUALICUM,A10,P1
,TAGCGGA,CHILLIWACK,80437,CHILLIWACK,B10,P1
,TCGAAGA,CHILLIWACK,223768,CHILLIWACK,C10,P1
,TCTGTGA,PUNTLEDGE,240018,PUNTLEDGE,D10,P1
,TGCTGGA,CHILLIWACK,223181,CHILLIWACK,E10,P1
,ACGACTAG,PUNTLEDGE,93710,PUNTLEDGE,F10,P1
,TAGCATGG,CHILLIWACK,19795,CHILLIWACK,G10,P1
,TAGGCCAT,PUNTLEDGE,240115,PUNTLEDGE,H10,P1
,TGCAAGGA,PUNTLEDGE,240005,PUNTLEDGE,A11,P1
,TGGTACGT,CHILLIWACK,223734,CHILLIWACK,B11,P1
,TCTCAGTG,QUALICUM,15925,QUALICUM,C11,P1
,CGCGATAT,PUNTLEDGE,240230,PUNTLEDGE,D11,P1
,CGCCTTAT,PUNTLEDGE,240295,PUNTLEDGE,E11,P1
,AACCGAGA,QUALICUM,219368,QUALICUM,F11,P1
,ACAGGGA,QUALICUM,219532,QUALICUM,G11,P1
,ACGTGGTA,QUALICUM,71018,QUALICUM,H11,P1
,CCATGGGT,CHILLIWACK,18288,CHILLIWACK,A12,P1
,CGCGGAGA,QUALICUM,5724,QUALICUM,B12,P1
,CGTGTGGT,QUALICUM,71135,QUALICUM,C12,P1
,GCTGTGGA,CHILLIWACK,223818,CHILLIWACK,D12,P1
,GGATTGGT,QUALICUM,71437,QUALICUM,E12,P1
,GTGAGGGT,PUNTLEDGE,240380,PUNTLEDGE,F12,P1
,TATCGGGA,CHILLIWACK,223805,CHILLIWACK,G12,P1
,TTCCTGGA,CHILLIWACK,18278,CHILLIWACK,H12,P1
,CTCG,PUNTLEDGE,240367,PUNTLEDGE,A1,P2
,TGCA,QUALICUM,5752,QUALICUM,B1,P2
,ACTA,PUNTLEDGE,93859,PUNTLEDGE,C1,P2
,CAGA,CHILLIWACK,223011,CHILLIWACK,D1,P2
,AACT,CHILLIWACK,18102,CHILLIWACK,E1,P2
,GCGT,QUALICUM,219302,QUALICUM,F1,P2
,CGAT,CHILLIWACK,223625,CHILLIWACK,G1,P2
,GTAA,QUALICUM,71393,QUALICUM,H1,P2
,AGCG,PUNTLEDGE,240231,PUNTLEDGE,A2,P2
,GATG,PUNTLEDGE,240406,PUNTLEDGE,B2,P2
,TCAG,CHILLIWACK,221453,CHILLIWACK,C2,P2
,TGCGA,QUALICUM,219348,QUALICUM,D2,P2
,CGCTT,PUNTLEDGE,25214,PUNTLEDGE,E2,P2
,TCACG,CHILLIWACK,18159,CHILLIWACK,F2,P2
,CTAGG,PUNTLEDGE,1275,PUNTLEDGE,G2,P2
,ACAAA,PUNTLEDGE,240294,PUNTLEDGE,H2,P2
,TTCTG,PUNTLEDGE,1394,PUNTLEDGE,A3,P2
,AGCCG,CHILLIWACK,223707,CHILLIWACK,B3,P2
,GTATT,QUALICUM,219583,QUALICUM,C3,P2
,CTGTA,QUALICUM,219374,QUALICUM,D3,P2
,ACCGT,PUNTLEDGE,240416,PUNTLEDGE,E3,P2
,GCTTA,CHILLIWACK,18147,CHILLIWACK,F3,P2
,GGTGT,QUALICUM,219479,QUALICUM,G3,P2
,AGGAT,PUNTLEDGE,240387,PUNTLEDGE,H3,P2
,ATTGA,QUALICUM,70984,QUALICUM,A4,P2
,CATCT,PUNTLEDGE,240210,PUNTLEDGE,B4,P2
,CCTAG,PUNTLEDGE,93935,PUNTLEDGE,C4,P2
,GAGGA,PUNTLEDGE,240214,PUNTLEDGE,D4,P2
,GGAAG,PUNTLEDGE,240171,PUNTLEDGE,E4,P2
,GTCAA,CHILLIWACK,18295,CHILLIWACK,F4,P2
,TAATA,PUNTLEDGE,240440,PUNTLEDGE,G4,P2
,TACAT,QUALICUM,5779,QUALICUM,H4,P2
,TCGTT,CHILLIWACK,18296,CHILLIWACK,A5,P2
,GGTTGT,PUNTLEDGE,240195,PUNTLEDGE,B5,P2
,CCACGT,CHILLIWACK,223315,CHILLIWACK,C5,P2
,TTCAGA,QUALICUM,5791,QUALICUM,D5,P2
,TAGGAA,CHILLIWACK,51662,CHILLIWACK,E5,P2
,GCTCTA,CHILLIWACK,51864,CHILLIWACK,F5,P2
,CCACAA,QUALICUM,15829,QUALICUM,G5,P2
,CTTCCA,PUNTLEDGE,1001,PUNTLEDGE,H5,P2
,GAGATA,QUALICUM,50210,QUALICUM,A6,P2
,ATGCCT,CHILLIWACK,18277,CHILLIWACK,B6,P2
,AGTGGA,QUALICUM,71399,QUALICUM,C6,P2
,ACCTAA,PUNTLEDGE,240208,PUNTLEDGE,D6,P2
,ATATGT,CHILLIWACK,18239,CHILLIWACK,E6,P2
,ATCGTA,QUALICUM,70917,QUALICUM,F6,P2
,CATCGT,CHILLIWACK,18342,CHILLIWACK,G6,P2
,CGCGGT,CHILLIWACK,76546,CHILLIWACK,H6,P2
,CTATTA,CHILLIWACK,51650,CHILLIWACK,A7,P2
,GCCAGT,CHILLIWACK,223454,CHILLIWACK,B7,P2
,GGAAGA,CHILLIWACK,80429,CHILLIWACK,C7,P2
,GTACTT,CHILLIWACK,40579,CHILLIWACK,D7,P2
,GTTGAA,QUALICUM,219896,QUALICUM,E7,P2
,TAACGA,QUALICUM,6434,QUALICUM,F7,P2
,TGGCTA,CHILLIWACK,18489,CHILLIWACK,G7,P2
,TATTTTT,CHILLIWACK,223280,CHILLIWACK,H7,P2
,CTTGCTT,PUNTLEDGE,93742,PUNTLEDGE,A8,P2
,ATGAAAG,CHILLIWACK,223677,CHILLIWACK,B8,P2
,AAAAGTT,PUNTLEDGE,1392,PUNTLEDGE,C8,P2
,GAATTCA,CHILLIWACK,223393,CHILLIWACK,D8,P2
,GAACTTG,QUALICUM,71118,QUALICUM,E8,P2
,GGACCTA,PUNTLEDGE,240424,PUNTLEDGE,F8,P2
,GTCGATT,CHILLIWACK,18354,CHILLIWACK,G8,P2
,AACGCCT,QUALICUM,70963,QUALICUM,H8,P2
,AATATGG,PUNTLEDGE,93983,PUNTLEDGE,A9,P2
,ACGTGTT,QUALICUM,219707,QUALICUM,B9,P2
,ATTAATT,QUALICUM,219615,QUALICUM,C9,P2
,ATTGGAT,PUNTLEDGE,93716,PUNTLEDGE,D9,P2
,CATAAGT,CHILLIWACK,223298,CHILLIWACK,E9,P2
,CGCTGAT,PUNTLEDGE,54356,PUNTLEDGE,F9,P2
,CGGTAGA,QUALICUM,219233,QUALICUM,G9,P2
,CTACGGA,PUNTLEDGE,62,PUNTLEDGE,H9,P2
,GCGGAAT,CHILLIWACK,223692,CHILLIWACK,A10,P2
,TAGCGGA,QUALICUM,7418,QUALICUM,B10,P2
,TCGAAGA,PUNTLEDGE,1219,PUNTLEDGE,C10,P2
,TCTGTGA,CHILLIWACK,18111,CHILLIWACK,D10,P2
,TGCTGGA,PUNTLEDGE,93681,PUNTLEDGE,E10,P2
,ACGACTAG,PUNTLEDGE,1390,PUNTLEDGE,F10,P2
,TAGCATGG,PUNTLEDGE,93865,PUNTLEDGE,G10,P2
,TAGGCCAT,CHILLIWACK,223265,CHILLIWACK,H10,P2
,TGCAAGGA,CHILLIWACK,51890,CHILLIWACK,A11,P2
,TGGTACGT,CHILLIWACK,223526,CHILLIWACK,B11,P2
,TCTCAGTG,PUNTLEDGE,93668,PUNTLEDGE,C11,P2
,CGCGATAT,PUNTLEDGE,240443,PUNTLEDGE,D11,P2
,CGCCTTAT,PUNTLEDGE,54348,PUNTLEDGE,E11,P2
,AACCGAGA,PUNTLEDGE,240132,PUNTLEDGE,F11,P2
,ACAGGGA,CHILLIWACK,19355,CHILLIWACK,G11,P2
,ACGTGGTA,QUALICUM,5602,QUALICUM,H11,P2
,CCATGGGT,PUNTLEDGE,93738,PUNTLEDGE,A12,P2
,CGCGGAGA,CHILLIWACK,18201,CHILLIWACK,B12,P2
,CGTGTGGT,CHILLIWACK,223394,CHILLIWACK,C12,P2
,GCTGTGGA,CHILLIWACK,223390,CHILLIWACK,D12,P2
,GGATTGGT,PUNTLEDGE,1023,PUNTLEDGE,E12,P2
,GTGAGGGT,CHILLIWACK,18340,CHILLIWACK,F12,P2
,TATCGGGA,QUALICUM,5606,QUALICUM,G12,P2
,TTCCTGGA,CHILLIWACK,19490,CHILLIWACK,H12,P2
,CTCG,QUALICUM,219864,QUALICUM,A1,P3
,TGCA,PUNTLEDGE,240383,PUNTLEDGE,B1,P3
,ACTA,CHILLIWACK,221447,CHILLIWACK,C1,P3
,CAGA,PUNTLEDGE,1247,PUNTLEDGE,D1,P3
,AACT,QUALICUM,5950,QUALICUM,E1,P3
,GCGT,QUALICUM,71082,QUALICUM,F1,P3
,CGAT,CHILLIWACK,223278,CHILLIWACK,G1,P3
,GTAA,CHILLIWACK,221541,CHILLIWACK,H1,P3
,AGCG,CHILLIWACK,223328,CHILLIWACK,A2,P3
,GATG,QUALICUM,219297,QUALICUM,B2,P3
,TCAG,QUALICUM,6347,QUALICUM,C2,P3
,TGCGA,QUALICUM,5726,QUALICUM,D2,P3
,CGCTT,CHILLIWACK,51842,CHILLIWACK,E2,P3
,TCACG,QUALICUM,5842,QUALICUM,F2,P3
,CTAGG,CHILLIWACK,18256,CHILLIWACK,G2,P3
,ACAAA,CHILLIWACK,223845,CHILLIWACK,H2,P3
,TTCTG,PUNTLEDGE,240405,PUNTLEDGE,A3,P3
,AGCCG,QUALICUM,219895,QUALICUM,B3,P3
,GTATT,QUALICUM,6312,QUALICUM,C3,P3
,CTGTA,PUNTLEDGE,93778,PUNTLEDGE,D3,P3
,ACCGT,QUALICUM,6469,QUALICUM,E3,P3
,GCTTA,CHILLIWACK,223261,CHILLIWACK,F3,P3
,GGTGT,QUALICUM,6145,QUALICUM,G3,P3
,AGGAT,PUNTLEDGE,1325,PUNTLEDGE,H3,P3
,ATTGA,CHILLIWACK,18125,CHILLIWACK,A4,P3
,CATCT,PUNTLEDGE,1121,PUNTLEDGE,B4,P3
,CCTAG,QUALICUM,219469,QUALICUM,C4,P3
,GAGGA,PUNTLEDGE,93761,PUNTLEDGE,D4,P3
,GGAAG,CHILLIWACK,223723,CHILLIWACK,E4,P3
,GTCAA,QUALICUM,219360,QUALICUM,F4,P3
,TAATA,PUNTLEDGE,54346,PUNTLEDGE,G4,P3
,TACAT,CHILLIWACK,40514,CHILLIWACK,H4,P3
,TCGTT,PUNTLEDGE,93703,PUNTLEDGE,A5,P3
,GGTTGT,CHILLIWACK,223434,CHILLIWACK,B5,P3
,CCACGT,QUALICUM,5605,QUALICUM,C5,P3
,TTCAGA,PUNTLEDGE,240182,PUNTLEDGE,D5,P3
,TAGGAA,PUNTLEDGE,240228,PUNTLEDGE,E5,P3
,GCTCTA,PUNTLEDGE,54433,PUNTLEDGE,F5,P3
,CCACAA,QUALICUM,219459,QUALICUM,G5,P3
,CTTCCA,QUALICUM,7447,QUALICUM,H5,P3
,GAGATA,QUALICUM,7412,QUALICUM,A6,P3
,ATGCCT,CHILLIWACK,18193,CHILLIWACK,B6,P3
,AGTGGA,PUNTLEDGE,54371,PUNTLEDGE,C6,P3
,ACCTAA,PUNTLEDGE,54427,PUNTLEDGE,D6,P3
,ATATGT,CHILLIWACK,18460,CHILLIWACK,E6,P3
,ATCGTA,PUNTLEDGE,25555,PUNTLEDGE,F6,P3
,CATCGT,QUALICUM,5626,QUALICUM,G6,P3
,CGCGGT,PUNTLEDGE,93741,PUNTLEDGE,H6,P3
,CTATTA,PUNTLEDGE,93729,PUNTLEDGE,A7,P3
,GCCAGT,CHILLIWACK,19541,CHILLIWACK,B7,P3
,GGAAGA,QUALICUM,5706,QUALICUM,C7,P3
,GTACTT,QUALICUM,6481,QUALICUM,D7,P3
,GTTGAA,QUALICUM,219224,QUALICUM,E7,P3
,TAACGA,CHILLIWACK,18202,CHILLIWACK,F7,P3
,TGGCTA,PUNTLEDGE,1397-1,PUNTLEDGE,G7,P3
,TATTTTT,PUNTLEDGE,1397-2,PUNTLEDGE,H7,P3
,CTTGCTT,PUNTLEDGE,54420,PUNTLEDGE,A8,P3
,ATGAAAG,CHILLIWACK,18410,CHILLIWACK,B8,P3
,AAAAGTT,CHILLIWACK,223670,CHILLIWACK,C8,P3
,GAATTCA,PUNTLEDGE,93960,PUNTLEDGE,D8,P3
,GAACTTG,PUNTLEDGE,1304,PUNTLEDGE,E8,P3
,GGACCTA,CHILLIWACK,51661,CHILLIWACK,F8,P3
,GTCGATT,PUNTLEDGE,54421,PUNTLEDGE,G8,P3
,AACGCCT,PUNTLEDGE,1148,PUNTLEDGE,H8,P3
,AATATGG,CHILLIWACK,18385,CHILLIWACK,A9,P3
,ACGTGTT,PUNTLEDGE,93663,PUNTLEDGE,B9,P3
,ATTAATT,PUNTLEDGE,25300,PUNTLEDGE,C9,P3
,ATTGGAT,CHILLIWACK,221402,CHILLIWACK,D9,P3
,CATAAGT,PUNTLEDGE,25586,PUNTLEDGE,E9,P3
,CGCTGAT,QUALICUM,219354,QUALICUM,F9,P3
,CGGTAGA,CHILLIWACK,40510,CHILLIWACK,G9,P3
,CTACGGA,QUALICUM,6452,QUALICUM,H9,P3
,GCGGAAT,QUALICUM,15547,QUALICUM,A10,P3
,TAGCGGA,PUNTLEDGE,1249,PUNTLEDGE,B10,P3
,TCGAAGA,CHILLIWACK,221434,CHILLIWACK,C10,P3
,TCTGTGA,QUALICUM,5735,QUALICUM,D10,P3
,TGCTGGA,CHILLIWACK,18209,CHILLIWACK,E10,P3
,ACGACTAG,QUALICUM,15754,QUALICUM,F10,P3
,TAGCATGG,QUALICUM,5630,QUALICUM,G10,P3
,TAGGCCAT,CHILLIWACK,76083,CHILLIWACK,H10,P3
,TGCAAGGA,CHILLIWACK,18257,CHILLIWACK,A11,P3
,TGGTACGT,PUNTLEDGE,93753,PUNTLEDGE,B11,P3
,TCTCAGTG,QUALICUM,5792,QUALICUM,C11,P3
,CGCGATAT,CHILLIWACK,51804,CHILLIWACK,D11,P3
,CGCCTTAT,QUALICUM,7443,QUALICUM,E11,P3
,AACCGAGA,PUNTLEDGE,93869,PUNTLEDGE,F11,P3
,ACAGGGA,CHILLIWACK,223143,CHILLIWACK,G11,P3
,ACGTGGTA,CHILLIWACK,223204,CHILLIWACK,H11,P3
,CCATGGGT,PUNTLEDGE,1118,PUNTLEDGE,A12,P3
,CGCGGAGA,CHILLIWACK,223041,CHILLIWACK,B12,P3
,CGTGTGGT,PUNTLEDGE,93934,PUNTLEDGE,C12,P3
,GCTGTGGA,CHILLIWACK,19683,CHILLIWACK,D12,P3
,GGATTGGT,QUALICUM,5968,QUALICUM,E12,P3
,GTGAGGGT,CHILLIWACK,19217,CHILLIWACK,F12,P3
,TATCGGGA,QUALICUM,6308,QUALICUM,G12,P3
,TTCCTGGA,PUNTLEDGE,1029,PUNTLEDGE,H12,P3
,CTCG,QUALICUM,7416,QUALICUM,A1,P4
,TGCA,PUNTLEDGE,93685,PUNTLEDGE,B1,P4
,ACTA,PUNTLEDGE,93903,PUNTLEDGE,C1,P4
,CAGA,PUNTLEDGE,93616,PUNTLEDGE,D1,P4
,AACT,QUALICUM,70804,QUALICUM,E1,P4
,GCGT,PUNTLEDGE,1024,PUNTLEDGE,F1,P4
,CGAT,QUALICUM,5664,QUALICUM,G1,P4
,GTAA,PUNTLEDGE,93646,PUNTLEDGE,H1,P4
,AGCG,CHILLIWACK,18486,CHILLIWACK,A2,P4
,GATG,PUNTLEDGE,240184,PUNTLEDGE,B2,P4
,TCAG,PUNTLEDGE,93794,PUNTLEDGE,C2,P4
,TGCGA,CHILLIWACK,18158,CHILLIWACK,D2,P4
,CGCTT,CHILLIWACK,18497,CHILLIWACK,E2,P4
,TCACG,QUALICUM,5907,QUALICUM,F2,P4
,CTAGG,QUALICUM,15796,QUALICUM,G2,P4
,ACAAA,QUALICUM,7434,QUALICUM,H2,P4
,TTCTG,PUNTLEDGE,54417,PUNTLEDGE,A3,P4
,AGCCG,PUNTLEDGE,1292,PUNTLEDGE,B3,P4
,GTATT,PUNTLEDGE,54469,PUNTLEDGE,C3,P4
,CTGTA,QUALICUM,7411,QUALICUM,D3,P4
,ACCGT,CHILLIWACK,221477,CHILLIWACK,E3,P4
,GCTTA,PUNTLEDGE,1058,PUNTLEDGE,F3,P4
,GGTGT,CHILLIWACK,76617,CHILLIWACK,G3,P4
,AGGAT,QUALICUM,7414,QUALICUM,H3,P4
,ATTGA,PUNTLEDGE,1206,PUNTLEDGE,A4,P4
,CATCT,PUNTLEDGE,1398,PUNTLEDGE,B4,P4
,CCTAG,CHILLIWACK,223128,CHILLIWACK,C4,P4
,GAGGA,CHILLIWACK,18164,CHILLIWACK,D4,P4
,GGAAG,CHILLIWACK,76658,CHILLIWACK,E4,P4
,GTCAA,CHILLIWACK,51843,CHILLIWACK,F4,P4
,TAATA,CHILLIWACK,18271,CHILLIWACK,G4,P4
,TACAT,PUNTLEDGE,25208,PUNTLEDGE,H4,P4
,TCGTT,CHILLIWACK,18478,CHILLIWACK,A5,P4
,GGTTGT,CHILLIWACK,18275,CHILLIWACK,B5,P4
,CCACGT,PUNTLEDGE,1136,PUNTLEDGE,C5,P4
,TTCAGA,CHILLIWACK,80472,CHILLIWACK,D5,P4
,TAGGAA,CHILLIWACK,19218,CHILLIWACK,E5,P4
,GCTCTA,QUALICUM,5758,QUALICUM,F5,P4
,CCACAA,QUALICUM,7436,QUALICUM,G5,P4
,CTTCCA,CHILLIWACK,223762,CHILLIWACK,H5,P4
,GAGATA,CHILLIWACK,76649,CHILLIWACK,A6,P4
,ATGCCT,QUALICUM,6357,QUALICUM,B6,P4
,AGTGGA,CHILLIWACK,76597,CHILLIWACK,C6,P4
,ACCTAA,CHILLIWACK,18380,CHILLIWACK,D6,P4
,ATATGT,QUALICUM,6073,QUALICUM,E6,P4
,ATCGTA,PUNTLEDGE,1119,PUNTLEDGE,F6,P4
,CATCGT,CHILLIWACK,80468,CHILLIWACK,G6,P4
,CGCGGT,QUALICUM,7425,QUALICUM,H6,P4
,CTATTA,PUNTLEDGE,59459,PUNTLEDGE,A7,P4
,GCCAGT,QUALICUM,7410,QUALICUM,B7,P4
,GGAAGA,PUNTLEDGE,1363,PUNTLEDGE,C7,P4
,GTACTT,PUNTLEDGE,93871,PUNTLEDGE,D7,P4
,GTTGAA,CHILLIWACK,18479,CHILLIWACK,E7,P4
,TAACGA,PUNTLEDGE,1223,PUNTLEDGE,F7,P4
,TGGCTA,CHILLIWACK,51867,CHILLIWACK,G7,P4
,TATTTTT,QUALICUM,5679,QUALICUM,H7,P4
,CTTGCTT,CHILLIWACK,18117,CHILLIWACK,A8,P4
,ATGAAAG,QUALICUM,15696,QUALICUM,B8,P4
,AAAAGTT,CHILLIWACK,18431,CHILLIWACK,C8,P4
,GAATTCA,CHILLIWACK,18360,CHILLIWACK,D8,P4
,GAACTTG,CHILLIWACK,19772,CHILLIWACK,E8,P4
,GGACCTA,CHILLIWACK,80424,CHILLIWACK,F8,P4
,GTCGATT,CHILLIWACK,80459,CHILLIWACK,G8,P4
,AACGCCT,PUNTLEDGE,25408,PUNTLEDGE,H8,P4
,AATATGG,QUALICUM,15559,QUALICUM,A9,P4
,ACGTGTT,PUNTLEDGE,1383,PUNTLEDGE,B9,P4
,ATTAATT,PUNTLEDGE,1066,PUNTLEDGE,C9,P4
,ATTGGAT,PUNTLEDGE,25348,PUNTLEDGE,D9,P4
,CATAAGT,CHILLIWACK,80467,CHILLIWACK,E9,P4
,CGCTGAT,QUALICUM,16707,QUALICUM,F9,P4
,CGGTAGA,PUNTLEDGE,240227,PUNTLEDGE,G9,P4
,CTACGGA,QUALICUM,7404,QUALICUM,H9,P4
,GCGGAAT,PUNTLEDGE,93968,PUNTLEDGE,A10,P4
,TAGCGGA,QUALICUM,219207,QUALICUM,B10,P4
,TCGAAGA,QUALICUM,7407,QUALICUM,C10,P4
,TCTGTGA,CHILLIWACK,18227,CHILLIWACK,D10,P4
,TGCTGGA,PUNTLEDGE,25420,PUNTLEDGE,E10,P4
,ACGACTAG,PUNTLEDGE,1022,PUNTLEDGE,F10,P4
,TAGCATGG,CHILLIWACK,19617,CHILLIWACK,G10,P4
,TAGGCCAT,QUALICUM,15686,QUALICUM,H10,P4
,TGCAAGGA,PUNTLEDGE,1220,PUNTLEDGE,A11,P4
,TGGTACGT,QUALICUM,15517,QUALICUM,B11,P4
,TCTCAGTG,QUALICUM,219421,QUALICUM,C11,P4
,CGCGATAT,CHILLIWACK,223767,CHILLIWACK,D11,P4
,CGCCTTAT,PUNTLEDGE,93632,PUNTLEDGE,E11,P4
,AACCGAGA,PUNTLEDGE,54464,PUNTLEDGE,F11,P4
,ACAGGGA,QUALICUM,219756,QUALICUM,G11,P4
,ACGTGGTA,QUALICUM,15649,QUALICUM,H11,P4
,CCATGGGT,CHILLIWACK,76496,CHILLIWACK,A12,P4
,CGCGGAGA,CHILLIWACK,18243,CHILLIWACK,B12,P4
,CGTGTGGT,CHILLIWACK,19702,CHILLIWACK,C12,P4
,GCTGTGGA,QUALICUM,7440,QUALICUM,D12,P4
,GGATTGGT,PUNTLEDGE,25240,PUNTLEDGE,E12,P4
,GTGAGGGT,CHILLIWACK,76431,CHILLIWACK,F12,P4
,TATCGGGA,QUALICUM,15614,QUALICUM,G12,P4
,TTCCTGGA,PUNTLEDGE,1317,PUNTLEDGE,H12,P4
,CTCG,QUALICUM,15474,QUALICUM,A1,P5
,TGCA,QUALICUM,7431,QUALICUM,B1,P5
,ACTA,CHILLIWACK,18485,CHILLIWACK,C1,P5
,CAGA,CHILLIWACK,76622,CHILLIWACK,D1,P5
,AACT,QUALICUM,5815,QUALICUM,E1,P5
,GCGT,QUALICUM,5736,QUALICUM,F1,P5
,CGAT,PUNTLEDGE,54320,PUNTLEDGE,G1,P5
,GTAA,PUNTLEDGE,1192,PUNTLEDGE,H1,P5
,AGCG,QUALICUM,7402,QUALICUM,A2,P5
,GATG,CHILLIWACK,18233,CHILLIWACK,B2,P5
,TCAG,CHILLIWACK,223499,CHILLIWACK,C2,P5
,TGCGA,QUALICUM,16472,QUALICUM,D2,P5
,CGCTT,PUNTLEDGE,25445,PUNTLEDGE,E2,P5
,TCACG,CHILLIWACK,18462,CHILLIWACK,F2,P5
,CTAGG,PUNTLEDGE,93773,PUNTLEDGE,G2,P5
,ACAAA,QUALICUM,6076,QUALICUM,H2,P5
,TTCTG,PUNTLEDGE,1366,PUNTLEDGE,A3,P5
,AGCCG,CHILLIWACK,76158,CHILLIWACK,B3,P5
,GTATT,PUNTLEDGE,1379,PUNTLEDGE,C3,P5
,CTGTA,CHILLIWACK,76541,CHILLIWACK,D3,P5
,ACCGT,CHILLIWACK,18267,CHILLIWACK,E3,P5
,GCTTA,PUNTLEDGE,54403,PUNTLEDGE,F3,P5
,GGTGT,QUALICUM,7449,QUALICUM,G3,P5
,AGGAT,CHILLIWACK,51803,CHILLIWACK,H3,P5
,ATTGA,CHILLIWACK,223848,CHILLIWACK,A4,P5
,CATCT,QUALICUM,6359,QUALICUM,B4,P5
,CCTAG,CHILLIWACK,76442,CHILLIWACK,C4,P5
,GAGGA,QUALICUM,3837,QUALICUM,D4,P5
,GGAAG,PUNTLEDGE,25560,PUNTLEDGE,E4,P5
,GTCAA,PUNTLEDGE,54351,PUNTLEDGE,F4,P5
,TAATA,CHILLIWACK,40410,CHILLIWACK,G4,P5
,TACAT,PUNTLEDGE,1331,PUNTLEDGE,H4,P5
,TCGTT,QUALICUM,5856,QUALICUM,A5,P5
,GGTTGT,PUNTLEDGE,1050,PUNTLEDGE,B5,P5
,CCACGT,PUNTLEDGE,25311,PUNTLEDGE,C5,P5
,TTCAGA,CHILLIWACK,51815,CHILLIWACK,D5,P5
,TAGGAA,PUNTLEDGE,93607,PUNTLEDGE,E5,P5
,GCTCTA,CHILLIWACK,18136,CHILLIWACK,F5,P5
,CCACAA,PUNTLEDGE,1318,PUNTLEDGE,G5,P5
,CTTCCA,CHILLIWACK,51844,CHILLIWACK,H5,P5
,GAGATA,PUNTLEDGE,25399,PUNTLEDGE,A6,P5
,ATGCCT,QUALICUM,7427,QUALICUM,B6,P5
,AGTGGA,PUNTLEDGE,54341,PUNTLEDGE,C6,P5
,ACCTAA,CHILLIWACK,19430,CHILLIWACK,D6,P5
,ATATGT,QUALICUM,6101,QUALICUM,E6,P5
,ATCGTA,PUNTLEDGE,1055,PUNTLEDGE,F6,P5
,CATCGT,QUALICUM,5677,QUALICUM,G6,P5
,CGCGGT,QUALICUM,6379,QUALICUM,H6,P5
,CTATTA,CHILLIWACK,76185,CHILLIWACK,A7,P5
,GCCAGT,QUALICUM,16406,QUALICUM,B7,P5
,GGAAGA,PUNTLEDGE,63,PUNTLEDGE,C7,P5
,GTACTT,CHILLIWACK,76265,CHILLIWACK,D7,P5
,GTTGAA,CHILLIWACK,223636,CHILLIWACK,E7,P5
,TAACGA,QUALICUM,15938,QUALICUM,F7,P5
,TGGCTA,CHILLIWACK,19277,CHILLIWACK,G7,P5
,TATTTTT,QUALICUM,16350,QUALICUM,H7,P5
,CTTGCTT,QUALICUM,5811,QUALICUM,A8,P5
,ATGAAAG,CHILLIWACK,76412,CHILLIWACK,B8,P5
,AAAAGTT,PUNTLEDGE,25344,PUNTLEDGE,C8,P5
,GAATTCA,PUNTLEDGE,54432,PUNTLEDGE,D8,P5
,GAACTTG,PUNTLEDGE,93901,PUNTLEDGE,E8,P5
,GGACCTA,CHILLIWACK,19400,CHILLIWACK,F8,P5
,GTCGATT,QUALICUM,6062,QUALICUM,G8,P5
,AACGCCT,PUNTLEDGE,25385,PUNTLEDGE,H8,P5
,AATATGG,CHILLIWACK,51670,CHILLIWACK,A9,P5
,ACGTGTT,PUNTLEDGE,25679,PUNTLEDGE,B9,P5
,ATTAATT,CHILLIWACK,76681,CHILLIWACK,C9,P5
,ATTGGAT,CHILLIWACK,18127,CHILLIWACK,D9,P5
,CATAAGT,QUALICUM,6132,QUALICUM,E9,P5
,CGCTGAT,CHILLIWACK,76584,CHILLIWACK,F9,P5
,CGGTAGA,QUALICUM,15887,QUALICUM,G9,P5
,CTACGGA,QUALICUM,6193,QUALICUM,H9,P5
,GCGGAAT,PUNTLEDGE,1252,PUNTLEDGE,A10,P5
,TAGCGGA,QUALICUM,15944,QUALICUM,B10,P5
,TCGAAGA,PUNTLEDGE,25513,PUNTLEDGE,C10,P5
,TCTGTGA,PUNTLEDGE,1310,PUNTLEDGE,D10,P5
,TGCTGGA,QUALICUM,7406,QUALICUM,E10,P5
,ACGACTAG,CHILLIWACK,76655,CHILLIWACK,F10,P5
,TAGCATGG,PUNTLEDGE,1296,PUNTLEDGE,G10,P5
,TAGGCCAT,PUNTLEDGE,1198,PUNTLEDGE,H10,P5
,TGCAAGGA,PUNTLEDGE,25219,PUNTLEDGE,A11,P5
,TGGTACGT,CHILLIWACK,80427,CHILLIWACK,B11,P5
,TCTCAGTG,PUNTLEDGE,54423,PUNTLEDGE,C11,P5
,CGCGATAT,PUNTLEDGE,1369,PUNTLEDGE,D11,P5
,CGCCTTAT,CHILLIWACK,19607,CHILLIWACK,E11,P5
,AACCGAGA,QUALICUM,16454,QUALICUM,F11,P5
,ACAGGGA,CHILLIWACK,76590,CHILLIWACK,G11,P5
,ACGTGGTA,QUALICUM,6288-2,QUALICUM,H11,P5
,CCATGGGT,QUALICUM,5830-1,QUALICUM,A12,P5
,CGCGGAGA,QUALICUM,5830-2,QUALICUM,B12,P5
,CGTGTGGT,QUALICUM,219836,QUALICUM,C12,P5
,GCTGTGGA,CHILLIWACK,18435,CHILLIWACK,D12,P5
,GGATTGGT,CHILLIWACK,223627,CHILLIWACK,E12,P5
,GTGAGGGT,QUALICUM,7435,QUALICUM,F12,P5
,TATCGGGA,PUNTLEDGE,1344,PUNTLEDGE,G12,P5
,TTCCTGGA,CHILLIWACK,223847,CHILLIWACK,H12,P5
,CTCG,QUALICUM,5722,QUALICUM,A1,P6
,TGCA,CHILLIWACK,19257,CHILLIWACK,B1,P6
,ACTA,QUALICUM,5793,QUALICUM,C1,P6
,CAGA,QUALICUM,5846,QUALICUM,D1,P6
,AACT,PUNTLEDGE,1154,PUNTLEDGE,E1,P6
,GCGT,CHILLIWACK,18224,CHILLIWACK,F1,P6
,CGAT,QUALICUM,15935,QUALICUM,G1,P6
,GTAA,QUALICUM,15939,QUALICUM,H1,P6
,AGCG,QUALICUM,7453,QUALICUM,A2,P6
,GATG,CHILLIWACK,18454,CHILLIWACK,B2,P6
,TCAG,QUALICUM,5963,QUALICUM,C2,P6
,TGCGA,CHILLIWACK,19429,CHILLIWACK,D2,P6
,CGCTT,CHILLIWACK,19308,CHILLIWACK,E2,P6
,TCACG,PUNTLEDGE,25524,PUNTLEDGE,F2,P6
,CTAGG,QUALICUM,6041,QUALICUM,G2,P6
,ACAAA,PUNTLEDGE,240124,PUNTLEDGE,H2,P6
,TTCTG,PUNTLEDGE,1194,PUNTLEDGE,A3,P6
,AGCCG,PUNTLEDGE,25465,PUNTLEDGE,B3,P6
,GTATT,QUALICUM,219782,QUALICUM,C3,P6
,CTGTA,CHILLIWACK,19503,CHILLIWACK,D3,P6
,ACCGT,CHILLIWACK,51665,CHILLIWACK,E3,P6
,GCTTA,CHILLIWACK,80433,CHILLIWACK,F3,P6
,GGTGT,CHILLIWACK,76411,CHILLIWACK,G3,P6
,AGGAT,QUALICUM,15658,QUALICUM,H3,P6
,ATTGA,QUALICUM,50190,QUALICUM,A4,P6
,CATCT,QUALICUM,5824,QUALICUM,B4,P6
,CCTAG,PUNTLEDGE,25666,PUNTLEDGE,C4,P6
,GAGGA,PUNTLEDGE,1070,PUNTLEDGE,D4,P6
,GGAAG,CHILLIWACK,76430,CHILLIWACK,E4,P6
,GTCAA,PUNTLEDGE,1077,PUNTLEDGE,F4,P6
,TAATA,CHILLIWACK,19324,CHILLIWACK,G4,P6
,TACAT,QUALICUM,6147,QUALICUM,H4,P6
,TCGTT,QUALICUM,15848,QUALICUM,A5,P6
,GGTTGT,PUNTLEDGE,25268,PUNTLEDGE,B5,P6
,CCACGT,CHILLIWACK,51801,CHILLIWACK,C5,P6
,TTCAGA,QUALICUM,5743,QUALICUM,D5,P6
,TAGGAA,PUNTLEDGE,25649,PUNTLEDGE,E5,P6
,GCTCTA,CHILLIWACK,74499,CHILLIWACK,F5,P6
,CCACAA,CHILLIWACK,19486,CHILLIWACK,G5,P6
,CTTCCA,QUALICUM,15563,QUALICUM,H5,P6
,GAGATA,QUALICUM,7460,QUALICUM,A6,P6
,ATGCCT,QUALICUM,6230,QUALICUM,B6,P6
,AGTGGA,CHILLIWACK,76242,CHILLIWACK,C6,P6
,ACCTAA,CHILLIWACK,326,CHILLIWACK,D6,P6
,ATATGT,PUNTLEDGE,25296,PUNTLEDGE,E6,P6
,ATCGTA,QUALICUM,6331,QUALICUM,F6,P6
,CATCGT,QUALICUM,7403,QUALICUM,G6,P6
,CGCGGT,QUALICUM,219732,QUALICUM,H6,P6
,CTATTA,QUALICUM,3873,QUALICUM,A7,P6
,GCCAGT,QUALICUM,16305,QUALICUM,B7,P6
,GGAAGA,QUALICUM,5675,QUALICUM,C7,P6
,GTACTT,CHILLIWACK,40412,CHILLIWACK,D7,P6
,GTTGAA,CHILLIWACK,76119,CHILLIWACK,E7,P6
,TAACGA,PUNTLEDGE,25671,PUNTLEDGE,F7,P6
,TGGCTA,QUALICUM,6419,QUALICUM,G7,P6
,TATTTTT,CHILLIWACK,76334,CHILLIWACK,H7,P6
,CTTGCTT,QUALICUM,16352,QUALICUM,A8,P6
,ATGAAAG,PUNTLEDGE,1060,PUNTLEDGE,B8,P6
,AAAAGTT,CHILLIWACK,328,CHILLIWACK,C8,P6
,GAATTCA,CHILLIWACK,76669,CHILLIWACK,D8,P6
,GAACTTG,CHILLIWACK,76591,CHILLIWACK,E8,P6
,GGACCTA,QUALICUM,5731,QUALICUM,F8,P6
,GTCGATT,PUNTLEDGE,1102,PUNTLEDGE,G8,P6
,AACGCCT,PUNTLEDGE,25572,PUNTLEDGE,H8,P6
,AATATGG,CHILLIWACK,76045,CHILLIWACK,A9,P6
,ACGTGTT,QUALICUM,15659,QUALICUM,B9,P6
,ATTAATT,QUALICUM,15543,QUALICUM,C9,P6
,ATTGGAT,PUNTLEDGE,86,PUNTLEDGE,D9,P6
,CATAAGT,QUALICUM,15451,QUALICUM,E9,P6
,CGCTGAT,PUNTLEDGE,25478,PUNTLEDGE,F9,P6
,CGGTAGA,QUALICUM,7458,QUALICUM,G9,P6
,CTACGGA,PUNTLEDGE,25562,PUNTLEDGE,H9,P6
,GCGGAAT,PUNTLEDGE,25525,PUNTLEDGE,A10,P6
,TAGCGGA,QUALICUM,15611,QUALICUM,B10,P6
,TCGAAGA,CHILLIWACK,334,CHILLIWACK,C10,P6
,TCTGTGA,QUALICUM,16701,QUALICUM,D10,P6
,TGCTGGA,QUALICUM,7428,QUALICUM,E10,P6
,ACGACTAG,PUNTLEDGE,93673,PUNTLEDGE,F10,P6
,TAGCATGG,PUNTLEDGE,1105,PUNTLEDGE,G10,P6
,TAGGCCAT,CHILLIWACK,343,CHILLIWACK,H10,P6
,TGCAAGGA,CHILLIWACK,18466,CHILLIWACK,A11,P6
,TGGTACGT,CHILLIWACK,74475,CHILLIWACK,B11,P6
,TCTCAGTG,QUALICUM,16040,QUALICUM,C11,P6
,CGCGATAT,PUNTLEDGE,25620,PUNTLEDGE,D11,P6
,CGCCTTAT,CHILLIWACK,74603,CHILLIWACK,E11,P6
,AACCGAGA,CHILLIWACK,18469,CHILLIWACK,F11,P6
,ACAGGGA,CHILLIWACK,80466,CHILLIWACK,G11,P6
,ACGTGGTA,CHILLIWACK,80482,CHILLIWACK,H11,P6
,CCATGGGT,CHILLIWACK,76692,CHILLIWACK,A12,P6
,CGCGGAGA,CHILLIWACK,19214,CHILLIWACK,B12,P6
,CGTGTGGT,CHILLIWACK,19213,CHILLIWACK,C12,P6
,GCTGTGGA,PUNTLEDGE,25410,PUNTLEDGE,D12,P6
,GGATTGGT,CHILLIWACK,76523,CHILLIWACK,E12,P6
,GTGAGGGT,CHILLIWACK,221523,CHILLIWACK,F12,P6
,TATCGGGA,PUNTLEDGE,25606,PUNTLEDGE,G12,P6
,TTCCTGGA,PUNTLEDGE,25511,PUNTLEDGE,H12,P6
,CTCG,PUNTLEDGE,1151,PUNTLEDGE,A1,P7
,TGCA,QUALICUM,6190,QUALICUM,B1,P7
,ACTA,CHILLIWACK,221488,CHILLIWACK,C1,P7
,CAGA,CHILLIWACK,19760,CHILLIWACK,D1,P7
,AACT,PUNTLEDGE,25646,PUNTLEDGE,E1,P7
,GCGT,PUNTLEDGE,25545,PUNTLEDGE,F1,P7
,CGAT,PUNTLEDGE,25587,PUNTLEDGE,G1,P7
,GTAA,CHILLIWACK,74513,CHILLIWACK,H1,P7
,AGCG,CHILLIWACK,76163,CHILLIWACK,A2,P7
,GATG,QUALICUM,16424,QUALICUM,B2,P7
,TCAG,CHILLIWACK,18349,CHILLIWACK,C2,P7
,TGCGA,QUALICUM,15501,QUALICUM,D2,P7
,CGCTT,CHILLIWACK,74445,CHILLIWACK,E2,P7
,TCACG,QUALICUM,15530,QUALICUM,F2,P7
,CTAGG,PUNTLEDGE,25488,PUNTLEDGE,G2,P7
,ACAAA,CHILLIWACK,18481,CHILLIWACK,H2,P7
,TTCTG,CHILLIWACK,19270,CHILLIWACK,A3,P7
,AGCCG,PUNTLEDGE,25437,PUNTLEDGE,B3,P7
,GTATT,QUALICUM,15436,QUALICUM,C3,P7
,CTGTA,CHILLIWACK,51855,CHILLIWACK,D3,P7
,ACCGT,CHILLIWACK,335,CHILLIWACK,E3,P7
,GCTTA,PUNTLEDGE,25514,PUNTLEDGE,F3,P7
,GGTGT,QUALICUM,7432,QUALICUM,G3,P7
,AGGAT,QUALICUM,16332,QUALICUM,H3,P7
,ATTGA,CHILLIWACK,19525,CHILLIWACK,A4,P7
,CATCT,QUALICUM,3898,QUALICUM,B4,P7
,CCTAG,PUNTLEDGE,1074,PUNTLEDGE,C4,P7
,GAGGA,CHILLIWACK,19333,CHILLIWACK,D4,P7
,GGAAG,PUNTLEDGE,25676,PUNTLEDGE,E4,P7
,GTCAA,CHILLIWACK,19604,CHILLIWACK,F4,P7
,TAATA,PUNTLEDGE,25622,PUNTLEDGE,G4,P7
,TACAT,QUALICUM,6058,QUALICUM,H4,P7
,TCGTT,PUNTLEDGE,25430,PUNTLEDGE,A5,P7
,GGTTGT,PUNTLEDGE,25558,PUNTLEDGE,B5,P7
,CCACGT,PUNTLEDGE,25664,PUNTLEDGE,C5,P7
,TTCAGA,PUNTLEDGE,25598,PUNTLEDGE,D5,P7
,TAGGAA,QUALICUM,6411,QUALICUM,E5,P7
,GCTCTA,QUALICUM,16342,QUALICUM,F5,P7
,CCACAA,CHILLIWACK,19629,CHILLIWACK,G5,P7
,CTTCCA,QUALICUM,16311,QUALICUM,H5,P7
,GAGATA,PUNTLEDGE,25292,PUNTLEDGE,A6,P7
,ATGCCT,CHILLIWACK,19650,CHILLIWACK,B6,P7
,AGTGGA,QUALICUM,15453,QUALICUM,C6,P7
,ACCTAA,PUNTLEDGE,93827,PUNTLEDGE,D6,P7
,ATATGT,QUALICUM,7415,QUALICUM,E6,P7
,ATCGTA,PUNTLEDGE,25575,PUNTLEDGE,F6,P7
,CATCGT,PUNTLEDGE,25504,PUNTLEDGE,G6,P7
,CGCGGT,CHILLIWACK,223648,CHILLIWACK,H6,P7
,CTATTA,CHILLIWACK,19451,CHILLIWACK,A7,P7
,GCCAGT,PUNTLEDGE,25383,PUNTLEDGE,B7,P7
,GGAAGA,PUNTLEDGE,240123-BU,PUNTLEDGE,C7,P7
,GTACTT,CHILLIWACK,19295-R,CHILLIWACK,D7,P7
,GTTGAA,QUALICUM,5622,QUALICUM,E7,P7
,TAACGA,PUNTLEDGE,54319-BU,PUNTLEDGE,F7,P7
,TGGCTA,QUALICUM,219616-BU,QUALICUM,G7,P7
,TATTTTT,PUNTLEDGE,54322,PUNTLEDGE,H7,P7
,CTTGCTT,CHILLIWACK,19722-R,CHILLIWACK,A8,P7
,ATGAAAG,PUNTLEDGE,54401,PUNTLEDGE,B8,P7
,AAAAGTT,PUNTLEDGE,240134,PUNTLEDGE,C8,P7
,GAATTCA,QUALICUM,219379,QUALICUM,D8,P7
,GAACTTG,CHILLIWACK,223059,CHILLIWACK,E8,P7
,GGACCTA,CHILLIWACK,51821,CHILLIWACK,F8,P7
,GTCGATT,QUALICUM,219798,QUALICUM,G8,P7
,AACGCCT,CHILLIWACK,19730-R,CHILLIWACK,H8,P7
,AATATGG,CHILLIWACK,40577-R,CHILLIWACK,A9,P7
,ACGTGTT,CHILLIWACK,40532-R,CHILLIWACK,B9,P7
,ATTAATT,CHILLIWACK,40566-R,CHILLIWACK,C9,P7
,ATTGGAT,PUNTLEDGE,93615,PUNTLEDGE,D9,P7
,CATAAGT,PUNTLEDGE,54353,PUNTLEDGE,E9,P7
,CGCTGAT,CHILLIWACK,40551-R,CHILLIWACK,F9,P7
,CGGTAGA,QUALICUM,6295-R,QUALICUM,G9,P7
,CTACGGA,QUALICUM,50139-R,QUALICUM,H9,P7
,GCGGAAT,QUALICUM,5897,QUALICUM,A10,P7
,TAGCGGA,QUALICUM,6202-R,QUALICUM,B10,P7
,TCGAAGA,QUALICUM,5690 Chelex,QUALICUM,C10,P7
,TCTGTGA,PUNTLEDGE,25663,PUNTLEDGE,D10,P7
,TGCTGGA,PUNTLEDGE,1227,PUNTLEDGE,E10,P7
,ACGACTAG,PUNTLEDGE,1258,PUNTLEDGE,F10,P7
,TAGCATGG,PUNTLEDGE,54404-BU,PUNTLEDGE,G10,P7
,TAGGCCAT,CHILLIWACK,19741-R,CHILLIWACK,H10,P7
,TGCAAGGA,QUALICUM,6293,QUALICUM,A11,P7
,TGGTACGT,QUALICUM,6043-R,QUALICUM,B11,P7
,TCTCAGTG,QUALICUM,5993-BU,QUALICUM,C11,P7
,CGCGATAT,QUALICUM,15404,QUALICUM,D11,P7
,CGCCTTAT,CHILLIWACK,19474-R,CHILLIWACK,E11,P7
,AACCGAGA,CHILLIWACK,19477-R,CHILLIWACK,F11,P7
,ACAGGGA,CHILLIWACK,19547-R,CHILLIWACK,G11,P7
,ACGTGGTA,CHILLIWACK,19453-R,CHILLIWACK,H11,P7
,CCATGGGT,CHILLIWACK,19599-R,CHILLIWACK,A12,P7
,CGCGGAGA,CHILLIWACK,19481-R,CHILLIWACK,B12,P7
,CGTGTGGT,CHILLIWACK,19289-R,CHILLIWACK,C12,P7
,GCTGTGGA,QUALICUM,6231-R,QUALICUM,D12,P7
,GGATTGGT,QUALICUM,50173-R,QUALICUM,E12,P7
,GTGAGGGT,CHILLIWACK,19707-R,CHILLIWACK,F12,P7
,TATCGGGA,CHILLIWACK,19460-R,CHILLIWACK,G12,P7
,TTCCTGGA,CHILLIWACK,51888,CHILLIWACK,H12,P7
,CTCG,QUALICUM,5942-R,QUALICUM,A1,P8
,TGCA,CHILLIWACK,19545-R,CHILLIWACK,B1,P8
,ACTA,CHILLIWACK,19550-R,CHILLIWACK,C1,P8
,CAGA,QUALICUM,6288-1-R,QUALICUM,D1,P8
,AACT,CHILLIWACK,19570-R,CHILLIWACK,E1,P8
,GCGT,QUALICUM,5829-R,QUALICUM,F1,P8
,CGAT,CHILLIWACK,19321-R,CHILLIWACK,G1,P8
,GTAA,QUALICUM,6487-R,QUALICUM,H1,P8
,AGCG,QUALICUM,5643 Chelex,QUALICUM,A2,P8
,GATG,CHILLIWACK,74401,CHILLIWACK,B2,P8
,TCAG,QUALICUM,50165-R,QUALICUM,C2,P8
,TGCGA,CHILLIWACK,76034,CHILLIWACK,D2,P8
,CGCTT,PUNTLEDGE,25653,PUNTLEDGE,E2,P8
,TCACG,PUNTLEDGE,1132,PUNTLEDGE,F2,P8
,CTAGG,PUNTLEDGE,240163,PUNTLEDGE,G2,P8
,ACAAA,QUALICUM,219485,QUALICUM,H2,P8
,TTCTG,PUNTLEDGE,94011,PUNTLEDGE,A3,P8
,AGCCG,PUNTLEDGE,240168,PUNTLEDGE,B3,P8
,GTATT,QUALICUM,70885,QUALICUM,C3,P8
,CTGTA,QUALICUM,70809,QUALICUM,D3,P8
,ACCGT,PUNTLEDGE,240069,PUNTLEDGE,E3,P8
,GCTTA,QUALICUM,219394,QUALICUM,F3,P8
,GGTGT,PUNTLEDGE,94012,PUNTLEDGE,G3,P8
,AGGAT,PUNTLEDGE,240205,PUNTLEDGE,H3,P8
,ATTGA,PUNTLEDGE,240247,PUNTLEDGE,A4,P8
,CATCT,QUALICUM,70806,QUALICUM,B4,P8
,CCTAG,QUALICUM,70835,QUALICUM,C4,P8
,GAGGA,PUNTLEDGE,25454,PUNTLEDGE,D4,P8
,GGAAG,CHILLIWACK,18438,CHILLIWACK,E4,P8
,GTCAA,CHILLIWACK,223266,CHILLIWACK,F4,P8
,TAATA,PUNTLEDGE,240081,PUNTLEDGE,G4,P8
,TACAT,CHILLIWACK,18394,CHILLIWACK,H4,P8
,TCGTT,PUNTLEDGE,1137,PUNTLEDGE,A5,P8
,GGTTGT,QUALICUM,5802,QUALICUM,B5,P8
,CCACGT,PUNTLEDGE,240077,PUNTLEDGE,C5,P8
,TTCAGA,PUNTLEDGE,93727,PUNTLEDGE,D5,P8
,TAGGAA,QUALICUM,219298,QUALICUM,E5,P8
,GCTCTA,QUALICUM,6274,QUALICUM,F5,P8
,CCACAA,QUALICUM,6300,QUALICUM,G5,P8
,CTTCCA,PUNTLEDGE,240192,PUNTLEDGE,H5,P8
,GAGATA,QUALICUM,6184,QUALICUM,A6,P8
,ATGCCT,PUNTLEDGE,240058,PUNTLEDGE,B6,P8
,AGTGGA,CHILLIWACK,223831,CHILLIWACK,C6,P8
,ACCTAA,CHILLIWACK,18287,CHILLIWACK,D6,P8
,ATATGT,PUNTLEDGE,240430,PUNTLEDGE,E6,P8
,ATCGTA,CHILLIWACK,18421,CHILLIWACK,F6,P8
,CATCGT,PUNTLEDGE,240055,PUNTLEDGE,G6,P8
,CGCGGT,PUNTLEDGE,54366,PUNTLEDGE,H6,P8
,CTATTA,QUALICUM,16452,QUALICUM,A7,P8
,GCCAGT,QUALICUM,6071,QUALICUM,B7,P8
,GGAAGA,QUALICUM,16481,QUALICUM,C7,P8
,GTACTT,PUNTLEDGE,25255,PUNTLEDGE,D7,P8
,GTTGAA,PUNTLEDGE,1052,PUNTLEDGE,E7,P8
,TAACGA,PUNTLEDGE,25310,PUNTLEDGE,F7,P8
,TGGCTA,CHILLIWACK,74576,CHILLIWACK,G7,P8
,TATTTTT,CHILLIWACK,74500,CHILLIWACK,H7,P8
,CTTGCTT,PUNTLEDGE,25247,PUNTLEDGE,A8,P8
,ATGAAAG,CHILLIWACK,76002,CHILLIWACK,B8,P8
,AAAAGTT,CHILLIWACK,19351,CHILLIWACK,C8,P8
,GAATTCA,QUALICUM,16415,QUALICUM,D8,P8
,GAACTTG,PUNTLEDGE,54390,PUNTLEDGE,E8,P8
,GGACCTA,CHILLIWACK,223206,CHILLIWACK,F8,P8
,GTCGATT,QUALICUM,71533,QUALICUM,G8,P8
,AACGCCT,QUALICUM,219286,QUALICUM,H8,P8
,AATATGG,PUNTLEDGE,240257,PUNTLEDGE,A9,P8
,ACGTGTT,CHILLIWACK,223800,CHILLIWACK,B9,P8
,ATTAATT,PUNTLEDGE,54428,PUNTLEDGE,C9,P8
,ATTGGAT,QUALICUM,15538,QUALICUM,D9,P8
,CATAAGT,CHILLIWACK,18447,CHILLIWACK,E9,P8
,CGCTGAT,PUNTLEDGE,93813,PUNTLEDGE,F9,P8
,CGGTAGA,QUALICUM,219665,QUALICUM,G9,P8
,CTACGGA,PUNTLEDGE,1098,PUNTLEDGE,H9,P8
,GCGGAAT,PUNTLEDGE,93895,PUNTLEDGE,A10,P8
,TAGCGGA,CHILLIWACK,18276,CHILLIWACK,B10,P8
,TCGAAGA,QUALICUM,15652,QUALICUM,C10,P8
,TCTGTGA,QUALICUM,6001,QUALICUM,D10,P8
,TGCTGGA,PUNTLEDGE,93698,PUNTLEDGE,E10,P8
,ACGACTAG,QUALICUM,5662,QUALICUM,F10,P8
,TAGCATGG,PUNTLEDGE,25550,PUNTLEDGE,G10,P8
,TAGGCCAT,CHILLIWACK,18494-1,CHILLIWACK,H10,P8
,TGCAAGGA,CHILLIWACK,18494-2,CHILLIWACK,A11,P8
,TGGTACGT,PUNTLEDGE,1166,PUNTLEDGE,B11,P8
,TCTCAGTG,CHILLIWACK,18386,CHILLIWACK,C11,P8
,CGCGATAT,QUALICUM,6250,QUALICUM,D11,P8
,CGCCTTAT,PUNTLEDGE,25391,PUNTLEDGE,E11,P8
,AACCGAGA,QUALICUM,7455,QUALICUM,F11,P8
,ACAGGGA,PUNTLEDGE,25286,PUNTLEDGE,G11,P8
,ACGTGGTA,CHILLIWACK,19484,CHILLIWACK,H11,P8
,CCATGGGT,QUALICUM,16456,QUALICUM,A12,P8
,CGCGGAGA,CHILLIWACK,19495,CHILLIWACK,B12,P8
,CGTGTGGT,QUALICUM,7405,QUALICUM,C12,P8
,GCTGTGGA,CHILLIWACK,74583,CHILLIWACK,D12,P8
,GGATTGGT,QUALICUM,6412,QUALICUM,E12,P8
,GTGAGGGT,QUALICUM,16312,QUALICUM,F12,P8
,TATCGGGA,CHILLIWACK,19744-R,CHILLIWACK,G12,P8
,TTCCTGGA,QUALICUM,6240,QUALICUM,H12,P8
