"fishID","pop","year","age","name","haplotype"
"1001","PUNTLEDGE_RIVER_fall",2018,4,"Hap1","1"
"1001","PUNTLEDGE_RIVER_fall",2018,4,"Hap2","2"
"1022","PUNTLEDGE_RIVER_fall",2017,4,"Hap1","1"
"1022","PUNTLEDGE_RIVER_fall",2017,4,"Hap2","2"
"1024","PUNTLEDGE_RIVER_fall",2018,4,"Hap1","1"
"1024","PUNTLEDGE_RIVER_fall",2018,4,"Hap2","2"
"1029","PUNTLEDGE_RIVER_fall",2018,2,"Hap1","2"
"1029","PUNTLEDGE_RIVER_fall",2018,2,"Hap2","3"
"1050","PUNTLEDGE_RIVER_fall",2018,4,"Hap1","2"
"1050","PUNTLEDGE_RIVER_fall",2018,4,"Hap2","3"
"1052","PUNTLEDGE_RIVER_fall",2017,2,"Hap1","1"
"1052","PUNTLEDGE_RIVER_fall",2017,2,"Hap2","2"
"1055","PUNTLEDGE_RIVER_fall",2017,3,"Hap1","1"
"1055","PUNTLEDGE_RIVER_fall",2017,3,"Hap2","2"
"1058","PUNTLEDGE_RIVER_fall",2017,4,"Hap1","2"
"1058","PUNTLEDGE_RIVER_fall",2017,4,"Hap2","3"
"1060","PUNTLEDGE_RIVER_fall",2018,2,"Hap1","4"
"1060","PUNTLEDGE_RIVER_fall",2018,2,"Hap2","2"
"1066","PUNTLEDGE_RIVER_fall",2018,4,"Hap1","5"
"1066","PUNTLEDGE_RIVER_fall",2018,4,"Hap2","5"
"1070","PUNTLEDGE_RIVER_fall",2018,3,"Hap1","5"
"1070","PUNTLEDGE_RIVER_fall",2018,3,"Hap2","4"
"1074","PUNTLEDGE_RIVER_fall",2018,3,"Hap1","1"
"1074","PUNTLEDGE_RIVER_fall",2018,3,"Hap2","5"
"1077","PUNTLEDGE_RIVER_fall",2018,2,"Hap1","2"
"1077","PUNTLEDGE_RIVER_fall",2018,2,"Hap2","3"
"1098","PUNTLEDGE_RIVER_fall",2018,3,"Hap1","2"
"1098","PUNTLEDGE_RIVER_fall",2018,3,"Hap2","3"
"1102","PUNTLEDGE_RIVER_fall",2018,3,"Hap1","2"
"1102","PUNTLEDGE_RIVER_fall",2018,3,"Hap2","3"
"1105","PUNTLEDGE_RIVER_fall",2017,3,"Hap1","2"
"1105","PUNTLEDGE_RIVER_fall",2017,3,"Hap2","3"
"1118","PUNTLEDGE_RIVER_fall",2017,4,"Hap1","3"
"1118","PUNTLEDGE_RIVER_fall",2017,4,"Hap2","2"
"1119","PUNTLEDGE_RIVER_fall",2017,3,"Hap1","2"
"1119","PUNTLEDGE_RIVER_fall",2017,3,"Hap2","1"
"1121","PUNTLEDGE_RIVER_fall",2017,3,"Hap1","1"
"1121","PUNTLEDGE_RIVER_fall",2017,3,"Hap2","2"
"1132","PUNTLEDGE_RIVER_fall",2018,3,"Hap1","2"
"1132","PUNTLEDGE_RIVER_fall",2018,3,"Hap2","3"
"1136","PUNTLEDGE_RIVER_fall",2018,3,"Hap1","2"
"1136","PUNTLEDGE_RIVER_fall",2018,3,"Hap2","3"
"1137","PUNTLEDGE_RIVER_fall",2017,3,"Hap1","1"
"1137","PUNTLEDGE_RIVER_fall",2017,3,"Hap2","2"
"1148","PUNTLEDGE_RIVER_fall",2017,4,"Hap1","2"
"1148","PUNTLEDGE_RIVER_fall",2017,4,"Hap2","3"
"1151","PUNTLEDGE_RIVER_fall",2018,4,"Hap1","2"
"1151","PUNTLEDGE_RIVER_fall",2018,4,"Hap2","3"
"1154","PUNTLEDGE_RIVER_fall",2018,4,"Hap1","1"
"1154","PUNTLEDGE_RIVER_fall",2018,4,"Hap2","2"
"1166","PUNTLEDGE_RIVER_fall",2018,3,"Hap1","1"
"1166","PUNTLEDGE_RIVER_fall",2018,3,"Hap2","5"
"1192","PUNTLEDGE_RIVER_fall",2017,3,"Hap1","1"
"1192","PUNTLEDGE_RIVER_fall",2017,3,"Hap2","2"
"1194","PUNTLEDGE_RIVER_fall",2018,3,"Hap1","4"
"1194","PUNTLEDGE_RIVER_fall",2018,3,"Hap2","2"
"1198","PUNTLEDGE_RIVER_fall",2018,4,"Hap1","4"
"1198","PUNTLEDGE_RIVER_fall",2018,4,"Hap2","5"
"1206","PUNTLEDGE_RIVER_fall",2018,3,"Hap1","2"
"1206","PUNTLEDGE_RIVER_fall",2018,3,"Hap2","2"
"1219","PUNTLEDGE_RIVER_fall",2018,4,"Hap1","4"
"1219","PUNTLEDGE_RIVER_fall",2018,4,"Hap2","2"
"1220","PUNTLEDGE_RIVER_fall",2017,2,"Hap1","2"
"1220","PUNTLEDGE_RIVER_fall",2017,2,"Hap2","2"
"1227","PUNTLEDGE_RIVER_fall",2018,3,"Hap1","2"
"1227","PUNTLEDGE_RIVER_fall",2018,3,"Hap2","1"
"1233","PUNTLEDGE_RIVER_fall",2018,2,"Hap1","2"
"1233","PUNTLEDGE_RIVER_fall",2018,2,"Hap2","3"
"1247","PUNTLEDGE_RIVER_fall",2018,2,"Hap1","2"
"1247","PUNTLEDGE_RIVER_fall",2018,2,"Hap2","3"
"1252","PUNTLEDGE_RIVER_fall",2018,2,"Hap1","2"
"1252","PUNTLEDGE_RIVER_fall",2018,2,"Hap2","3"
"1258","PUNTLEDGE_RIVER_fall",2017,2,"Hap1","2"
"1258","PUNTLEDGE_RIVER_fall",2017,2,"Hap2","4"
"1275","PUNTLEDGE_RIVER_fall",2018,3,"Hap1","2"
"1275","PUNTLEDGE_RIVER_fall",2018,3,"Hap2","3"
"1290","PUNTLEDGE_RIVER_fall",2018,4,"Hap1","5"
"1290","PUNTLEDGE_RIVER_fall",2018,4,"Hap2","2"
"1292","PUNTLEDGE_RIVER_fall",2017,3,"Hap1","1"
"1292","PUNTLEDGE_RIVER_fall",2017,3,"Hap2","2"
"1296","PUNTLEDGE_RIVER_fall",2017,3,"Hap1","3"
"1296","PUNTLEDGE_RIVER_fall",2017,3,"Hap2","2"
"1304","PUNTLEDGE_RIVER_fall",2017,3,"Hap1","2"
"1304","PUNTLEDGE_RIVER_fall",2017,3,"Hap2","1"
"1310","PUNTLEDGE_RIVER_fall",2017,3,"Hap1","2"
"1310","PUNTLEDGE_RIVER_fall",2017,3,"Hap2","3"
"1317","PUNTLEDGE_RIVER_fall",2017,3,"Hap1","1"
"1317","PUNTLEDGE_RIVER_fall",2017,3,"Hap2","2"
"1318","PUNTLEDGE_RIVER_fall",2017,3,"Hap1","2"
"1318","PUNTLEDGE_RIVER_fall",2017,3,"Hap2","3"
"1325","PUNTLEDGE_RIVER_fall",2017,3,"Hap1","4"
"1325","PUNTLEDGE_RIVER_fall",2017,3,"Hap2","2"
"1344","PUNTLEDGE_RIVER_fall",2017,3,"Hap1","4"
"1344","PUNTLEDGE_RIVER_fall",2017,3,"Hap2","2"
"1346","PUNTLEDGE_RIVER_fall",2018,3,"Hap1","4"
"1346","PUNTLEDGE_RIVER_fall",2018,3,"Hap2","3"
"1363","PUNTLEDGE_RIVER_fall",2017,4,"Hap1","2"
"1363","PUNTLEDGE_RIVER_fall",2017,4,"Hap2","3"
"1366","PUNTLEDGE_RIVER_fall",2018,3,"Hap1","2"
"1366","PUNTLEDGE_RIVER_fall",2018,3,"Hap2","3"
"1369","PUNTLEDGE_RIVER_fall",2018,3,"Hap1","2"
"1369","PUNTLEDGE_RIVER_fall",2018,3,"Hap2","1"
"1379","PUNTLEDGE_RIVER_fall",2017,4,"Hap1","1"
"1379","PUNTLEDGE_RIVER_fall",2017,4,"Hap2","5"
"1383","PUNTLEDGE_RIVER_fall",2018,2,"Hap1","2"
"1383","PUNTLEDGE_RIVER_fall",2018,2,"Hap2","1"
"1390","PUNTLEDGE_RIVER_fall",2017,3,"Hap1","3"
"1390","PUNTLEDGE_RIVER_fall",2017,3,"Hap2","4"
"1392","PUNTLEDGE_RIVER_fall",2017,4,"Hap1","2"
"1392","PUNTLEDGE_RIVER_fall",2017,4,"Hap2","2"
"1394","PUNTLEDGE_RIVER_fall",2018,3,"Hap1","1"
"1394","PUNTLEDGE_RIVER_fall",2018,3,"Hap2","2"
"1397-1","PUNTLEDGE_RIVER_fall",2017,4,"Hap1","4"
"1397-1","PUNTLEDGE_RIVER_fall",2017,4,"Hap2","2"
"1397-2","PUNTLEDGE_RIVER_fall",2018,2,"Hap1","1"
"1397-2","PUNTLEDGE_RIVER_fall",2018,2,"Hap2","2"
"1398","PUNTLEDGE_RIVER_fall",2018,2,"Hap1","1"
"1398","PUNTLEDGE_RIVER_fall",2018,2,"Hap2","2"
"15404","QUALICUM_RIVER",2019,4,"Hap1","1"
"15404","QUALICUM_RIVER",2019,4,"Hap2","2"
"15436","QUALICUM_RIVER",2019,2,"Hap1","2"
"15436","QUALICUM_RIVER",2019,2,"Hap2","3"
"15451","QUALICUM_RIVER",2019,4,"Hap1","1"
"15451","QUALICUM_RIVER",2019,4,"Hap2","2"
"15453","QUALICUM_RIVER",2019,2,"Hap1","2"
"15453","QUALICUM_RIVER",2019,2,"Hap2","3"
"15468","QUALICUM_RIVER",2019,2,"Hap1","2"
"15468","QUALICUM_RIVER",2019,2,"Hap2","1"
"15474","QUALICUM_RIVER",2019,3,"Hap1","2"
"15474","QUALICUM_RIVER",2019,3,"Hap2","3"
"15501","QUALICUM_RIVER",2019,3,"Hap1","3"
"15501","QUALICUM_RIVER",2019,3,"Hap2","2"
"15517","QUALICUM_RIVER",2019,2,"Hap1","2"
"15517","QUALICUM_RIVER",2019,2,"Hap2","4"
"15530","QUALICUM_RIVER",2019,4,"Hap1","1"
"15530","QUALICUM_RIVER",2019,4,"Hap2","5"
"15538","QUALICUM_RIVER",2019,3,"Hap1","3"
"15538","QUALICUM_RIVER",2019,3,"Hap2","4"
"15543","QUALICUM_RIVER",2019,3,"Hap1","3"
"15543","QUALICUM_RIVER",2019,3,"Hap2","2"
"15547","QUALICUM_RIVER",2019,4,"Hap1","2"
"15547","QUALICUM_RIVER",2019,4,"Hap2","1"
"15559","QUALICUM_RIVER",2019,3,"Hap1","2"
"15559","QUALICUM_RIVER",2019,3,"Hap2","5"
"15563","QUALICUM_RIVER",2019,3,"Hap1","1"
"15563","QUALICUM_RIVER",2019,3,"Hap2","5"
"15614","QUALICUM_RIVER",2019,4,"Hap1","2"
"15614","QUALICUM_RIVER",2019,4,"Hap2","3"
"15649","QUALICUM_RIVER",2019,2,"Hap1","2"
"15649","QUALICUM_RIVER",2019,2,"Hap2","5"
"15652","QUALICUM_RIVER",2019,4,"Hap1","3"
"15652","QUALICUM_RIVER",2019,4,"Hap2","2"
"15658","QUALICUM_RIVER",2019,2,"Hap1","2"
"15658","QUALICUM_RIVER",2019,2,"Hap2","3"
"15659","QUALICUM_RIVER",2019,3,"Hap1","2"
"15659","QUALICUM_RIVER",2019,3,"Hap2","3"
"15686","QUALICUM_RIVER",2019,3,"Hap1","2"
"15686","QUALICUM_RIVER",2019,3,"Hap2","4"
"15696","QUALICUM_RIVER",2019,4,"Hap1","1"
"15696","QUALICUM_RIVER",2019,4,"Hap2","2"
"15754","QUALICUM_RIVER",2019,2,"Hap1","3"
"15754","QUALICUM_RIVER",2019,2,"Hap2","2"
"15796","QUALICUM_RIVER",2019,2,"Hap1","3"
"15796","QUALICUM_RIVER",2019,2,"Hap2","2"
"15829","QUALICUM_RIVER",2019,3,"Hap1","2"
"15829","QUALICUM_RIVER",2019,3,"Hap2","3"
"15848","QUALICUM_RIVER",2019,4,"Hap1","2"
"15848","QUALICUM_RIVER",2019,4,"Hap2","4"
"15887","QUALICUM_RIVER",2019,4,"Hap1","2"
"15887","QUALICUM_RIVER",2019,4,"Hap2","3"
"15925","QUALICUM_RIVER",2019,2,"Hap1","3"
"15925","QUALICUM_RIVER",2019,2,"Hap2","4"
"15935","QUALICUM_RIVER",2019,2,"Hap1","2"
"15935","QUALICUM_RIVER",2019,2,"Hap2","4"
"15938","QUALICUM_RIVER",2019,4,"Hap1","1"
"15938","QUALICUM_RIVER",2019,4,"Hap2","2"
"15939","QUALICUM_RIVER",2019,4,"Hap1","2"
"15939","QUALICUM_RIVER",2019,4,"Hap2","3"
"15944","QUALICUM_RIVER",2019,4,"Hap1","5"
"15944","QUALICUM_RIVER",2019,4,"Hap2","2"
"16040","QUALICUM_RIVER",2019,3,"Hap1","2"
"16040","QUALICUM_RIVER",2019,3,"Hap2","2"
"16305","QUALICUM_RIVER",2019,4,"Hap1","2"
"16305","QUALICUM_RIVER",2019,4,"Hap2","2"
"16311","QUALICUM_RIVER",2019,4,"Hap1","2"
"16311","QUALICUM_RIVER",2019,4,"Hap2","2"
"16312","QUALICUM_RIVER",2019,4,"Hap1","2"
"16312","QUALICUM_RIVER",2019,4,"Hap2","2"
"16332","QUALICUM_RIVER",2019,4,"Hap1","2"
"16332","QUALICUM_RIVER",2019,4,"Hap2","2"
"16342","QUALICUM_RIVER",2019,4,"Hap1","2"
"16342","QUALICUM_RIVER",2019,4,"Hap2","5"
"16350","QUALICUM_RIVER",2019,5,"Hap1","2"
"16350","QUALICUM_RIVER",2019,5,"Hap2","2"
"16352","QUALICUM_RIVER",2019,3,"Hap1","2"
"16352","QUALICUM_RIVER",2019,3,"Hap2","2"
"16406","QUALICUM_RIVER",2019,3,"Hap1","4"
"16406","QUALICUM_RIVER",2019,3,"Hap2","2"
"16415","QUALICUM_RIVER",2019,4,"Hap1","2"
"16415","QUALICUM_RIVER",2019,4,"Hap2","4"
"16424","QUALICUM_RIVER",2019,4,"Hap1","2"
"16424","QUALICUM_RIVER",2019,4,"Hap2","3"
"16452","QUALICUM_RIVER",2019,4,"Hap1","1"
"16452","QUALICUM_RIVER",2019,4,"Hap2","2"
"16454","QUALICUM_RIVER",2019,2,"Hap1","3"
"16454","QUALICUM_RIVER",2019,2,"Hap2","4"
"16456","QUALICUM_RIVER",2019,2,"Hap1","1"
"16456","QUALICUM_RIVER",2019,2,"Hap2","2"
"16472","QUALICUM_RIVER",2019,2,"Hap1","1"
"16472","QUALICUM_RIVER",2019,2,"Hap2","2"
"16481","QUALICUM_RIVER",2019,4,"Hap1","3"
"16481","QUALICUM_RIVER",2019,4,"Hap2","2"
"16701","QUALICUM_RIVER",2019,3,"Hap1","2"
"16701","QUALICUM_RIVER",2019,3,"Hap2","3"
"16707","QUALICUM_RIVER",2019,2,"Hap1","3"
"16707","QUALICUM_RIVER",2019,2,"Hap2","2"
"18102","CHILLIWACK_RIVER_fall",2017,3,"Hap1","5"
"18102","CHILLIWACK_RIVER_fall",2017,3,"Hap2","5"
"18111","CHILLIWACK_RIVER_fall",2017,4,"Hap1","5"
"18111","CHILLIWACK_RIVER_fall",2017,4,"Hap2","5"
"18117","CHILLIWACK_RIVER_fall",2018,4,"Hap1","5"
"18117","CHILLIWACK_RIVER_fall",2018,4,"Hap2","5"
"18125","CHILLIWACK_RIVER_fall",2017,3,"Hap1","5"
"18125","CHILLIWACK_RIVER_fall",2017,3,"Hap2","5"
"18127","CHILLIWACK_RIVER_fall",2017,3,"Hap1","3"
"18127","CHILLIWACK_RIVER_fall",2017,3,"Hap2","5"
"18136","CHILLIWACK_RIVER_fall",2017,4,"Hap1","6"
"18136","CHILLIWACK_RIVER_fall",2017,4,"Hap2","5"
"18147","CHILLIWACK_RIVER_fall",2018,3,"Hap1","5"
"18147","CHILLIWACK_RIVER_fall",2018,3,"Hap2","6"
"18159","CHILLIWACK_RIVER_fall",2017,3,"Hap1","6"
"18159","CHILLIWACK_RIVER_fall",2017,3,"Hap2","5"
"18164","CHILLIWACK_RIVER_fall",2018,3,"Hap1","6"
"18164","CHILLIWACK_RIVER_fall",2018,3,"Hap2","5"
"18193","CHILLIWACK_RIVER_fall",2018,2,"Hap1","5"
"18193","CHILLIWACK_RIVER_fall",2018,2,"Hap2","6"
"18201","CHILLIWACK_RIVER_fall",2018,3,"Hap1","5"
"18201","CHILLIWACK_RIVER_fall",2018,3,"Hap2","7"
"18202","CHILLIWACK_RIVER_fall",2017,4,"Hap1","5"
"18202","CHILLIWACK_RIVER_fall",2017,4,"Hap2","6"
"18209","CHILLIWACK_RIVER_fall",2017,3,"Hap1","5"
"18209","CHILLIWACK_RIVER_fall",2017,3,"Hap2","7"
"18224","CHILLIWACK_RIVER_fall",2018,2,"Hap1","5"
"18224","CHILLIWACK_RIVER_fall",2018,2,"Hap2","5"
"18227","CHILLIWACK_RIVER_fall",2017,4,"Hap1","5"
"18227","CHILLIWACK_RIVER_fall",2017,4,"Hap2","7"
"18233","CHILLIWACK_RIVER_fall",2018,4,"Hap1","5"
"18233","CHILLIWACK_RIVER_fall",2018,4,"Hap2","7"
"18239","CHILLIWACK_RIVER_fall",2018,4,"Hap1","3"
"18239","CHILLIWACK_RIVER_fall",2018,4,"Hap2","5"
"18243","CHILLIWACK_RIVER_fall",2018,2,"Hap1","5"
"18243","CHILLIWACK_RIVER_fall",2018,2,"Hap2","5"
"18256","CHILLIWACK_RIVER_fall",2018,3,"Hap1","5"
"18256","CHILLIWACK_RIVER_fall",2018,3,"Hap2","6"
"18257","CHILLIWACK_RIVER_fall",2017,4,"Hap1","5"
"18257","CHILLIWACK_RIVER_fall",2017,4,"Hap2","5"
"18267","CHILLIWACK_RIVER_fall",2018,3,"Hap1","5"
"18267","CHILLIWACK_RIVER_fall",2018,3,"Hap2","6"
"18271","CHILLIWACK_RIVER_fall",2017,3,"Hap1","5"
"18271","CHILLIWACK_RIVER_fall",2017,3,"Hap2","7"
"18275","CHILLIWACK_RIVER_fall",2018,3,"Hap1","7"
"18275","CHILLIWACK_RIVER_fall",2018,3,"Hap2","5"
"18276","CHILLIWACK_RIVER_fall",2017,3,"Hap1","5"
"18276","CHILLIWACK_RIVER_fall",2017,3,"Hap2","5"
"18278","CHILLIWACK_RIVER_fall",2017,3,"Hap1","6"
"18278","CHILLIWACK_RIVER_fall",2017,3,"Hap2","5"
"18287","CHILLIWACK_RIVER_fall",2018,3,"Hap1","5"
"18287","CHILLIWACK_RIVER_fall",2018,3,"Hap2","6"
"18288","CHILLIWACK_RIVER_fall",2018,3,"Hap1","5"
"18288","CHILLIWACK_RIVER_fall",2018,3,"Hap2","7"
"18295","CHILLIWACK_RIVER_fall",2018,2,"Hap1","5"
"18295","CHILLIWACK_RIVER_fall",2018,2,"Hap2","6"
"18296","CHILLIWACK_RIVER_fall",2017,4,"Hap1","5"
"18296","CHILLIWACK_RIVER_fall",2017,4,"Hap2","5"
"18340","CHILLIWACK_RIVER_fall",2018,4,"Hap1","5"
"18340","CHILLIWACK_RIVER_fall",2018,4,"Hap2","5"
"18342","CHILLIWACK_RIVER_fall",2018,3,"Hap1","5"
"18342","CHILLIWACK_RIVER_fall",2018,3,"Hap2","6"
"18354","CHILLIWACK_RIVER_fall",2018,3,"Hap1","6"
"18354","CHILLIWACK_RIVER_fall",2018,3,"Hap2","5"
"18360","CHILLIWACK_RIVER_fall",2017,4,"Hap1","7"
"18360","CHILLIWACK_RIVER_fall",2017,4,"Hap2","5"
"18380","CHILLIWACK_RIVER_fall",2017,3,"Hap1","5"
"18380","CHILLIWACK_RIVER_fall",2017,3,"Hap2","7"
"18385","CHILLIWACK_RIVER_fall",2018,4,"Hap1","5"
"18385","CHILLIWACK_RIVER_fall",2018,4,"Hap2","5"
"18386","CHILLIWACK_RIVER_fall",2017,4,"Hap1","7"
"18386","CHILLIWACK_RIVER_fall",2017,4,"Hap2","5"
"18394","CHILLIWACK_RIVER_fall",2018,2,"Hap1","5"
"18394","CHILLIWACK_RIVER_fall",2018,2,"Hap2","6"
"18410","CHILLIWACK_RIVER_fall",2018,3,"Hap1","6"
"18410","CHILLIWACK_RIVER_fall",2018,3,"Hap2","5"
"18421","CHILLIWACK_RIVER_fall",2018,2,"Hap1","7"
"18421","CHILLIWACK_RIVER_fall",2018,2,"Hap2","5"
"18431","CHILLIWACK_RIVER_fall",2018,4,"Hap1","5"
"18431","CHILLIWACK_RIVER_fall",2018,4,"Hap2","5"
"18435","CHILLIWACK_RIVER_fall",2018,2,"Hap1","7"
"18435","CHILLIWACK_RIVER_fall",2018,2,"Hap2","5"
"18438","CHILLIWACK_RIVER_fall",2018,2,"Hap1","7"
"18438","CHILLIWACK_RIVER_fall",2018,2,"Hap2","5"
"18447","CHILLIWACK_RIVER_fall",2018,2,"Hap1","5"
"18447","CHILLIWACK_RIVER_fall",2018,2,"Hap2","6"
"18454","CHILLIWACK_RIVER_fall",2018,2,"Hap1","5"
"18454","CHILLIWACK_RIVER_fall",2018,2,"Hap2","5"
"18460","CHILLIWACK_RIVER_fall",2018,2,"Hap1","5"
"18460","CHILLIWACK_RIVER_fall",2018,2,"Hap2","6"
"18462","CHILLIWACK_RIVER_fall",2018,3,"Hap1","5"
"18462","CHILLIWACK_RIVER_fall",2018,3,"Hap2","5"
"18466","CHILLIWACK_RIVER_fall",2017,3,"Hap1","6"
"18466","CHILLIWACK_RIVER_fall",2017,3,"Hap2","5"
"18469","CHILLIWACK_RIVER_fall",2018,2,"Hap1","5"
"18469","CHILLIWACK_RIVER_fall",2018,2,"Hap2","5"
"18478","CHILLIWACK_RIVER_fall",2017,2,"Hap1","6"
"18478","CHILLIWACK_RIVER_fall",2017,2,"Hap2","5"
"18479","CHILLIWACK_RIVER_fall",2018,3,"Hap1","5"
"18479","CHILLIWACK_RIVER_fall",2018,3,"Hap2","6"
"18483","CHILLIWACK_RIVER_fall",2017,2,"Hap1","5"
"18483","CHILLIWACK_RIVER_fall",2017,2,"Hap2","7"
"18485","CHILLIWACK_RIVER_fall",2017,2,"Hap1","5"
"18485","CHILLIWACK_RIVER_fall",2017,2,"Hap2","5"
"18486","CHILLIWACK_RIVER_fall",2018,2,"Hap1","6"
"18486","CHILLIWACK_RIVER_fall",2018,2,"Hap2","5"
"18489","CHILLIWACK_RIVER_fall",2018,4,"Hap1","5"
"18489","CHILLIWACK_RIVER_fall",2018,4,"Hap2","5"
"18494-1","CHILLIWACK_RIVER_fall",2017,2,"Hap1","5"
"18494-1","CHILLIWACK_RIVER_fall",2017,2,"Hap2","5"
"18494-2","CHILLIWACK_RIVER_fall",2018,4,"Hap1","7"
"18494-2","CHILLIWACK_RIVER_fall",2018,4,"Hap2","5"
"18497","CHILLIWACK_RIVER_fall",2018,2,"Hap1","5"
"18497","CHILLIWACK_RIVER_fall",2018,2,"Hap2","6"
"19213","CHILLIWACK_RIVER_fall",2019,4,"Hap1","7"
"19213","CHILLIWACK_RIVER_fall",2019,4,"Hap2","5"
"19214","CHILLIWACK_RIVER_fall",2019,4,"Hap1","7"
"19214","CHILLIWACK_RIVER_fall",2019,4,"Hap2","5"
"19217","CHILLIWACK_RIVER_fall",2019,3,"Hap1","7"
"19217","CHILLIWACK_RIVER_fall",2019,3,"Hap2","5"
"19218","CHILLIWACK_RIVER_fall",2019,4,"Hap1","5"
"19218","CHILLIWACK_RIVER_fall",2019,4,"Hap2","7"
"19257","CHILLIWACK_RIVER_fall",2019,3,"Hap1","6"
"19257","CHILLIWACK_RIVER_fall",2019,3,"Hap2","5"
"19270","CHILLIWACK_RIVER_fall",2019,4,"Hap1","5"
"19270","CHILLIWACK_RIVER_fall",2019,4,"Hap2","5"
"19277","CHILLIWACK_RIVER_fall",2019,4,"Hap1","5"
"19277","CHILLIWACK_RIVER_fall",2019,4,"Hap2","7"
"19289-R","CHILLIWACK_RIVER_fall",2019,4,"Hap1","7"
"19289-R","CHILLIWACK_RIVER_fall",2019,4,"Hap2","5"
"19308","CHILLIWACK_RIVER_fall",2019,4,"Hap1","5"
"19308","CHILLIWACK_RIVER_fall",2019,4,"Hap2","5"
"19321-R","CHILLIWACK_RIVER_fall",2019,4,"Hap1","7"
"19321-R","CHILLIWACK_RIVER_fall",2019,4,"Hap2","5"
"19324","CHILLIWACK_RIVER_fall",2019,4,"Hap1","5"
"19324","CHILLIWACK_RIVER_fall",2019,4,"Hap2","6"
"19333","CHILLIWACK_RIVER_fall",2019,3,"Hap1","4"
"19333","CHILLIWACK_RIVER_fall",2019,3,"Hap2","6"
"19351","CHILLIWACK_RIVER_fall",2019,2,"Hap1","6"
"19351","CHILLIWACK_RIVER_fall",2019,2,"Hap2","5"
"19355","CHILLIWACK_RIVER_fall",2019,4,"Hap1","3"
"19355","CHILLIWACK_RIVER_fall",2019,4,"Hap2","5"
"19400","CHILLIWACK_RIVER_fall",2019,3,"Hap1","5"
"19400","CHILLIWACK_RIVER_fall",2019,3,"Hap2","5"
"19429","CHILLIWACK_RIVER_fall",2019,3,"Hap1","5"
"19429","CHILLIWACK_RIVER_fall",2019,3,"Hap2","6"
"19430","CHILLIWACK_RIVER_fall",2019,4,"Hap1","5"
"19430","CHILLIWACK_RIVER_fall",2019,4,"Hap2","3"
"19451","CHILLIWACK_RIVER_fall",2019,4,"Hap1","5"
"19451","CHILLIWACK_RIVER_fall",2019,4,"Hap2","5"
"19453-R","CHILLIWACK_RIVER_fall",2019,2,"Hap1","6"
"19453-R","CHILLIWACK_RIVER_fall",2019,2,"Hap2","5"
"19460-R","CHILLIWACK_RIVER_fall",2019,2,"Hap1","3"
"19460-R","CHILLIWACK_RIVER_fall",2019,2,"Hap2","5"
"19474-R","CHILLIWACK_RIVER_fall",2019,3,"Hap1","6"
"19474-R","CHILLIWACK_RIVER_fall",2019,3,"Hap2","5"
"19477-R","CHILLIWACK_RIVER_fall",2019,2,"Hap1","5"
"19477-R","CHILLIWACK_RIVER_fall",2019,2,"Hap2","7"
"19481-R","CHILLIWACK_RIVER_fall",2019,2,"Hap1","5"
"19481-R","CHILLIWACK_RIVER_fall",2019,2,"Hap2","6"
"19484","CHILLIWACK_RIVER_fall",2019,2,"Hap1","5"
"19484","CHILLIWACK_RIVER_fall",2019,2,"Hap2","5"
"19486","CHILLIWACK_RIVER_fall",2019,2,"Hap1","6"
"19486","CHILLIWACK_RIVER_fall",2019,2,"Hap2","5"
"19490","CHILLIWACK_RIVER_fall",2019,2,"Hap1","5"
"19490","CHILLIWACK_RIVER_fall",2019,2,"Hap2","5"
"19495","CHILLIWACK_RIVER_fall",2019,3,"Hap1","6"
"19495","CHILLIWACK_RIVER_fall",2019,3,"Hap2","5"
"19503","CHILLIWACK_RIVER_fall",2019,3,"Hap1","5"
"19503","CHILLIWACK_RIVER_fall",2019,3,"Hap2","5"
"19525","CHILLIWACK_RIVER_fall",2019,2,"Hap1","5"
"19525","CHILLIWACK_RIVER_fall",2019,2,"Hap2","5"
"19541","CHILLIWACK_RIVER_fall",2019,3,"Hap1","7"
"19541","CHILLIWACK_RIVER_fall",2019,3,"Hap2","5"
"19545-R","CHILLIWACK_RIVER_fall",2019,4,"Hap1","5"
"19545-R","CHILLIWACK_RIVER_fall",2019,4,"Hap2","7"
"19547-R","CHILLIWACK_RIVER_fall",2019,4,"Hap1","5"
"19547-R","CHILLIWACK_RIVER_fall",2019,4,"Hap2","2"
"19550-R","CHILLIWACK_RIVER_fall",2019,4,"Hap1","5"
"19550-R","CHILLIWACK_RIVER_fall",2019,4,"Hap2","5"
"19570-R","CHILLIWACK_RIVER_fall",2019,4,"Hap1","5"
"19570-R","CHILLIWACK_RIVER_fall",2019,4,"Hap2","7"
"19599-R","CHILLIWACK_RIVER_fall",2019,3,"Hap1","6"
"19599-R","CHILLIWACK_RIVER_fall",2019,3,"Hap2","5"
"19604","CHILLIWACK_RIVER_fall",2019,4,"Hap1","5"
"19604","CHILLIWACK_RIVER_fall",2019,4,"Hap2","5"
"19607","CHILLIWACK_RIVER_fall",2019,3,"Hap1","5"
"19607","CHILLIWACK_RIVER_fall",2019,3,"Hap2","6"
"19617","CHILLIWACK_RIVER_fall",2019,2,"Hap1","5"
"19617","CHILLIWACK_RIVER_fall",2019,2,"Hap2","5"
"19629","CHILLIWACK_RIVER_fall",2019,3,"Hap1","6"
"19629","CHILLIWACK_RIVER_fall",2019,3,"Hap2","5"
"19650","CHILLIWACK_RIVER_fall",2019,3,"Hap1","6"
"19650","CHILLIWACK_RIVER_fall",2019,3,"Hap2","5"
"19683","CHILLIWACK_RIVER_fall",2019,4,"Hap1","5"
"19683","CHILLIWACK_RIVER_fall",2019,4,"Hap2","5"
"19702","CHILLIWACK_RIVER_fall",2019,4,"Hap1","5"
"19702","CHILLIWACK_RIVER_fall",2019,4,"Hap2","5"
"19707-R","CHILLIWACK_RIVER_fall",2019,3,"Hap1","6"
"19707-R","CHILLIWACK_RIVER_fall",2019,3,"Hap2","5"
"19722-R","CHILLIWACK_RIVER_fall",2019,4,"Hap1","3"
"19722-R","CHILLIWACK_RIVER_fall",2019,4,"Hap2","5"
"19730-R","CHILLIWACK_RIVER_fall",2019,4,"Hap1","5"
"19730-R","CHILLIWACK_RIVER_fall",2019,4,"Hap2","5"
"19741-R","CHILLIWACK_RIVER_fall",2019,2,"Hap1","5"
"19741-R","CHILLIWACK_RIVER_fall",2019,2,"Hap2","6"
"19744-R","CHILLIWACK_RIVER_fall",2019,4,"Hap1","5"
"19744-R","CHILLIWACK_RIVER_fall",2019,4,"Hap2","3"
"19760","CHILLIWACK_RIVER_fall",2019,3,"Hap1","5"
"19760","CHILLIWACK_RIVER_fall",2019,3,"Hap2","6"
"19772","CHILLIWACK_RIVER_fall",2019,4,"Hap1","5"
"19772","CHILLIWACK_RIVER_fall",2019,4,"Hap2","5"
"19795","CHILLIWACK_RIVER_fall",2019,3,"Hap1","6"
"19795","CHILLIWACK_RIVER_fall",2019,3,"Hap2","5"
"219207","QUALICUM_RIVER",2021,4,"Hap1","2"
"219207","QUALICUM_RIVER",2021,4,"Hap2","4"
"219218","QUALICUM_RIVER",2021,4,"Hap1","1"
"219218","QUALICUM_RIVER",2021,4,"Hap2","5"
"219233","QUALICUM_RIVER",2021,4,"Hap1","1"
"219233","QUALICUM_RIVER",2021,4,"Hap2","2"
"219283","QUALICUM_RIVER",2021,4,"Hap1","2"
"219283","QUALICUM_RIVER",2021,4,"Hap2","4"
"219286","QUALICUM_RIVER",2021,3,"Hap1","1"
"219286","QUALICUM_RIVER",2021,3,"Hap2","5"
"219297","QUALICUM_RIVER",2021,4,"Hap1","2"
"219297","QUALICUM_RIVER",2021,4,"Hap2","2"
"219298","QUALICUM_RIVER",2021,4,"Hap1","4"
"219298","QUALICUM_RIVER",2021,4,"Hap2","5"
"219302","QUALICUM_RIVER",2021,3,"Hap1","4"
"219302","QUALICUM_RIVER",2021,3,"Hap2","5"
"219348","QUALICUM_RIVER",2021,4,"Hap1","1"
"219348","QUALICUM_RIVER",2021,4,"Hap2","5"
"219360","QUALICUM_RIVER",2021,3,"Hap1","5"
"219360","QUALICUM_RIVER",2021,3,"Hap2","4"
"219368","QUALICUM_RIVER",2021,4,"Hap1","2"
"219368","QUALICUM_RIVER",2021,4,"Hap2","4"
"219374","QUALICUM_RIVER",2021,3,"Hap1","5"
"219374","QUALICUM_RIVER",2021,3,"Hap2","4"
"219379","QUALICUM_RIVER",2021,4,"Hap1","1"
"219379","QUALICUM_RIVER",2021,4,"Hap2","2"
"219384","QUALICUM_RIVER",2021,4,"Hap1","3"
"219384","QUALICUM_RIVER",2021,4,"Hap2","2"
"219394","QUALICUM_RIVER",2021,4,"Hap1","3"
"219394","QUALICUM_RIVER",2021,4,"Hap2","2"
"219398","QUALICUM_RIVER",2021,4,"Hap1","2"
"219398","QUALICUM_RIVER",2021,4,"Hap2","2"
"219416","QUALICUM_RIVER",2021,3,"Hap1","4"
"219416","QUALICUM_RIVER",2021,3,"Hap2","2"
"219421","QUALICUM_RIVER",2021,4,"Hap1","1"
"219421","QUALICUM_RIVER",2021,4,"Hap2","3"
"219455","QUALICUM_RIVER",2021,4,"Hap1","3"
"219455","QUALICUM_RIVER",2021,4,"Hap2","4"
"219459","QUALICUM_RIVER",2021,3,"Hap1","2"
"219459","QUALICUM_RIVER",2021,3,"Hap2","2"
"219469","QUALICUM_RIVER",2021,3,"Hap1","4"
"219469","QUALICUM_RIVER",2021,3,"Hap2","2"
"219479","QUALICUM_RIVER",2021,3,"Hap1","4"
"219479","QUALICUM_RIVER",2021,3,"Hap2","3"
"219485","QUALICUM_RIVER",2021,3,"Hap1","4"
"219485","QUALICUM_RIVER",2021,3,"Hap2","2"
"219532","QUALICUM_RIVER",2021,4,"Hap1","2"
"219532","QUALICUM_RIVER",2021,4,"Hap2","3"
"219568","QUALICUM_RIVER",2021,4,"Hap1","2"
"219568","QUALICUM_RIVER",2021,4,"Hap2","3"
"219583","QUALICUM_RIVER",2021,4,"Hap1","3"
"219583","QUALICUM_RIVER",2021,4,"Hap2","2"
"219615","QUALICUM_RIVER",2021,3,"Hap1","1"
"219615","QUALICUM_RIVER",2021,3,"Hap2","5"
"219616-BU","QUALICUM_RIVER",2021,4,"Hap1","2"
"219616-BU","QUALICUM_RIVER",2021,4,"Hap2","3"
"219624","QUALICUM_RIVER",2021,3,"Hap1","4"
"219624","QUALICUM_RIVER",2021,3,"Hap2","3"
"219665","QUALICUM_RIVER",2021,4,"Hap1","3"
"219665","QUALICUM_RIVER",2021,4,"Hap2","4"
"219688","QUALICUM_RIVER",2021,4,"Hap1","3"
"219688","QUALICUM_RIVER",2021,4,"Hap2","4"
"219707","QUALICUM_RIVER",2021,3,"Hap1","2"
"219707","QUALICUM_RIVER",2021,3,"Hap2","4"
"219732","QUALICUM_RIVER",2021,3,"Hap1","2"
"219732","QUALICUM_RIVER",2021,3,"Hap2","2"
"219756","QUALICUM_RIVER",2021,4,"Hap1","3"
"219756","QUALICUM_RIVER",2021,4,"Hap2","2"
"219782","QUALICUM_RIVER",2021,4,"Hap1","3"
"219782","QUALICUM_RIVER",2021,4,"Hap2","2"
"219836","QUALICUM_RIVER",2021,4,"Hap1","1"
"219836","QUALICUM_RIVER",2021,4,"Hap2","5"
"219864","QUALICUM_RIVER",2021,3,"Hap1","2"
"219864","QUALICUM_RIVER",2021,3,"Hap2","5"
"219895","QUALICUM_RIVER",2021,5,"Hap1","2"
"219895","QUALICUM_RIVER",2021,5,"Hap2","4"
"219896","QUALICUM_RIVER",2021,4,"Hap1","2"
"219896","QUALICUM_RIVER",2021,4,"Hap2","3"
"221402","CHILLIWACK_RIVER_fall",2021,4,"Hap1","5"
"221402","CHILLIWACK_RIVER_fall",2021,4,"Hap2","5"
"221447","CHILLIWACK_RIVER_fall",2021,2,"Hap1","5"
"221447","CHILLIWACK_RIVER_fall",2021,2,"Hap2","5"
"221453","CHILLIWACK_RIVER_fall",2021,3,"Hap1","7"
"221453","CHILLIWACK_RIVER_fall",2021,3,"Hap2","5"
"221488","CHILLIWACK_RIVER_fall",2021,2,"Hap1","5"
"221488","CHILLIWACK_RIVER_fall",2021,2,"Hap2","5"
"221523","CHILLIWACK_RIVER_fall",2021,4,"Hap1","5"
"221523","CHILLIWACK_RIVER_fall",2021,4,"Hap2","6"
"221541","CHILLIWACK_RIVER_fall",2021,4,"Hap1","5"
"221541","CHILLIWACK_RIVER_fall",2021,4,"Hap2","5"
"223011","CHILLIWACK_RIVER_fall",2021,4,"Hap1","6"
"223011","CHILLIWACK_RIVER_fall",2021,4,"Hap2","5"
"223016","CHILLIWACK_RIVER_fall",2021,4,"Hap1","5"
"223016","CHILLIWACK_RIVER_fall",2021,4,"Hap2","7"
"223041","CHILLIWACK_RIVER_fall",2021,2,"Hap1","5"
"223041","CHILLIWACK_RIVER_fall",2021,2,"Hap2","7"
"223059","CHILLIWACK_RIVER_fall",2021,3,"Hap1","7"
"223059","CHILLIWACK_RIVER_fall",2021,3,"Hap2","5"
"223128","CHILLIWACK_RIVER_fall",2021,3,"Hap1","5"
"223128","CHILLIWACK_RIVER_fall",2021,3,"Hap2","7"
"223143","CHILLIWACK_RIVER_fall",2021,2,"Hap1","5"
"223143","CHILLIWACK_RIVER_fall",2021,2,"Hap2","5"
"223181","CHILLIWACK_RIVER_fall",2021,3,"Hap1","5"
"223181","CHILLIWACK_RIVER_fall",2021,3,"Hap2","6"
"223204","CHILLIWACK_RIVER_fall",2021,3,"Hap1","6"
"223204","CHILLIWACK_RIVER_fall",2021,3,"Hap2","5"
"223206","CHILLIWACK_RIVER_fall",2021,3,"Hap1","5"
"223206","CHILLIWACK_RIVER_fall",2021,3,"Hap2","5"
"223261","CHILLIWACK_RIVER_fall",2021,2,"Hap1","5"
"223261","CHILLIWACK_RIVER_fall",2021,2,"Hap2","3"
"223265","CHILLIWACK_RIVER_fall",2021,4,"Hap1","5"
"223265","CHILLIWACK_RIVER_fall",2021,4,"Hap2","6"
"223266","CHILLIWACK_RIVER_fall",2021,2,"Hap1","3"
"223266","CHILLIWACK_RIVER_fall",2021,2,"Hap2","5"
"223278","CHILLIWACK_RIVER_fall",2021,2,"Hap1","5"
"223278","CHILLIWACK_RIVER_fall",2021,2,"Hap2","7"
"223280","CHILLIWACK_RIVER_fall",2021,4,"Hap1","5"
"223280","CHILLIWACK_RIVER_fall",2021,4,"Hap2","6"
"223298","CHILLIWACK_RIVER_fall",2021,2,"Hap1","5"
"223298","CHILLIWACK_RIVER_fall",2021,2,"Hap2","5"
"223315","CHILLIWACK_RIVER_fall",2021,4,"Hap1","7"
"223315","CHILLIWACK_RIVER_fall",2021,4,"Hap2","5"
"223320","CHILLIWACK_RIVER_fall",2021,3,"Hap1","3"
"223320","CHILLIWACK_RIVER_fall",2021,3,"Hap2","2"
"223328","CHILLIWACK_RIVER_fall",2021,3,"Hap1","7"
"223328","CHILLIWACK_RIVER_fall",2021,3,"Hap2","5"
"223361","CHILLIWACK_RIVER_fall",2021,3,"Hap1","6"
"223361","CHILLIWACK_RIVER_fall",2021,3,"Hap2","5"
"223390","CHILLIWACK_RIVER_fall",2021,3,"Hap1","5"
"223390","CHILLIWACK_RIVER_fall",2021,3,"Hap2","7"
"223393","CHILLIWACK_RIVER_fall",2021,3,"Hap1","3"
"223393","CHILLIWACK_RIVER_fall",2021,3,"Hap2","5"
"223394","CHILLIWACK_RIVER_fall",2021,3,"Hap1","5"
"223394","CHILLIWACK_RIVER_fall",2021,3,"Hap2","3"
"223454","CHILLIWACK_RIVER_fall",2021,4,"Hap1","5"
"223454","CHILLIWACK_RIVER_fall",2021,4,"Hap2","5"
"223499","CHILLIWACK_RIVER_fall",2021,2,"Hap1","7"
"223499","CHILLIWACK_RIVER_fall",2021,2,"Hap2","5"
"223526","CHILLIWACK_RIVER_fall",2021,3,"Hap1","7"
"223526","CHILLIWACK_RIVER_fall",2021,3,"Hap2","5"
"223625","CHILLIWACK_RIVER_fall",2021,3,"Hap1","5"
"223625","CHILLIWACK_RIVER_fall",2021,3,"Hap2","5"
"223627","CHILLIWACK_RIVER_fall",2021,2,"Hap1","5"
"223627","CHILLIWACK_RIVER_fall",2021,2,"Hap2","7"
"223636","CHILLIWACK_RIVER_fall",2021,2,"Hap1","3"
"223636","CHILLIWACK_RIVER_fall",2021,2,"Hap2","5"
"223648","CHILLIWACK_RIVER_fall",2021,4,"Hap1","5"
"223648","CHILLIWACK_RIVER_fall",2021,4,"Hap2","7"
"223670","CHILLIWACK_RIVER_fall",2021,2,"Hap1","5"
"223670","CHILLIWACK_RIVER_fall",2021,2,"Hap2","6"
"223677","CHILLIWACK_RIVER_fall",2021,3,"Hap1","5"
"223677","CHILLIWACK_RIVER_fall",2021,3,"Hap2","6"
"223686","CHILLIWACK_RIVER_fall",2021,2,"Hap1","5"
"223686","CHILLIWACK_RIVER_fall",2021,2,"Hap2","7"
"223692","CHILLIWACK_RIVER_fall",2021,3,"Hap1","5"
"223692","CHILLIWACK_RIVER_fall",2021,3,"Hap2","6"
"223700","CHILLIWACK_RIVER_fall",2021,4,"Hap1","5"
"223700","CHILLIWACK_RIVER_fall",2021,4,"Hap2","6"
"223707","CHILLIWACK_RIVER_fall",2021,3,"Hap1","6"
"223707","CHILLIWACK_RIVER_fall",2021,3,"Hap2","5"
"223723","CHILLIWACK_RIVER_fall",2021,2,"Hap1","3"
"223723","CHILLIWACK_RIVER_fall",2021,2,"Hap2","5"
"223734","CHILLIWACK_RIVER_fall",2021,4,"Hap1","6"
"223734","CHILLIWACK_RIVER_fall",2021,4,"Hap2","5"
"223762","CHILLIWACK_RIVER_fall",2021,4,"Hap1","6"
"223762","CHILLIWACK_RIVER_fall",2021,4,"Hap2","5"
"223764","CHILLIWACK_RIVER_fall",2021,3,"Hap1","5"
"223764","CHILLIWACK_RIVER_fall",2021,3,"Hap2","5"
"223767","CHILLIWACK_RIVER_fall",2021,2,"Hap1","5"
"223767","CHILLIWACK_RIVER_fall",2021,2,"Hap2","6"
"223768","CHILLIWACK_RIVER_fall",2021,2,"Hap1","7"
"223768","CHILLIWACK_RIVER_fall",2021,2,"Hap2","5"
"223800","CHILLIWACK_RIVER_fall",2021,4,"Hap1","3"
"223800","CHILLIWACK_RIVER_fall",2021,4,"Hap2","5"
"223803","CHILLIWACK_RIVER_fall",2021,3,"Hap1","5"
"223803","CHILLIWACK_RIVER_fall",2021,3,"Hap2","3"
"223805","CHILLIWACK_RIVER_fall",2021,2,"Hap1","2"
"223805","CHILLIWACK_RIVER_fall",2021,2,"Hap2","5"
"223818","CHILLIWACK_RIVER_fall",2021,2,"Hap1","5"
"223818","CHILLIWACK_RIVER_fall",2021,2,"Hap2","7"
"223847","CHILLIWACK_RIVER_fall",2021,2,"Hap1","5"
"223847","CHILLIWACK_RIVER_fall",2021,2,"Hap2","7"
"223848","CHILLIWACK_RIVER_fall",2021,2,"Hap1","7"
"223848","CHILLIWACK_RIVER_fall",2021,2,"Hap2","5"
"240005","PUNTLEDGE_RIVER_fall",2021,3,"Hap1","2"
"240005","PUNTLEDGE_RIVER_fall",2021,3,"Hap2","1"
"240018","PUNTLEDGE_RIVER_fall",2021,4,"Hap1","2"
"240018","PUNTLEDGE_RIVER_fall",2021,4,"Hap2","4"
"240055","PUNTLEDGE_RIVER_fall",2021,4,"Hap1","4"
"240055","PUNTLEDGE_RIVER_fall",2021,4,"Hap2","3"
"240058","PUNTLEDGE_RIVER_fall",2021,3,"Hap1","2"
"240058","PUNTLEDGE_RIVER_fall",2021,3,"Hap2","4"
"240077","PUNTLEDGE_RIVER_fall",2021,4,"Hap1","1"
"240077","PUNTLEDGE_RIVER_fall",2021,4,"Hap2","5"
"240081","PUNTLEDGE_RIVER_fall",2021,3,"Hap1","4"
"240081","PUNTLEDGE_RIVER_fall",2021,3,"Hap2","2"
"240115","PUNTLEDGE_RIVER_fall",2021,3,"Hap1","4"
"240115","PUNTLEDGE_RIVER_fall",2021,3,"Hap2","5"
"240123-BU","PUNTLEDGE_RIVER_fall",2021,3,"Hap1","2"
"240123-BU","PUNTLEDGE_RIVER_fall",2021,3,"Hap2","3"
"240124","PUNTLEDGE_RIVER_fall",2021,4,"Hap1","1"
"240124","PUNTLEDGE_RIVER_fall",2021,4,"Hap2","5"
"240132","PUNTLEDGE_RIVER_fall",2021,4,"Hap1","5"
"240132","PUNTLEDGE_RIVER_fall",2021,4,"Hap2","1"
"240134","PUNTLEDGE_RIVER_fall",2021,3,"Hap1","2"
"240134","PUNTLEDGE_RIVER_fall",2021,3,"Hap2","4"
"240155","PUNTLEDGE_RIVER_fall",2021,3,"Hap1","4"
"240155","PUNTLEDGE_RIVER_fall",2021,3,"Hap2","2"
"240163","PUNTLEDGE_RIVER_fall",2021,4,"Hap1","2"
"240163","PUNTLEDGE_RIVER_fall",2021,4,"Hap2","4"
"240168","PUNTLEDGE_RIVER_fall",2021,4,"Hap1","3"
"240168","PUNTLEDGE_RIVER_fall",2021,4,"Hap2","4"
"240170","PUNTLEDGE_RIVER_fall",2021,4,"Hap1","3"
"240170","PUNTLEDGE_RIVER_fall",2021,4,"Hap2","2"
"240171","PUNTLEDGE_RIVER_fall",2021,4,"Hap1","4"
"240171","PUNTLEDGE_RIVER_fall",2021,4,"Hap2","3"
"240182","PUNTLEDGE_RIVER_fall",2021,3,"Hap1","5"
"240182","PUNTLEDGE_RIVER_fall",2021,3,"Hap2","4"
"240184","PUNTLEDGE_RIVER_fall",2021,4,"Hap1","4"
"240184","PUNTLEDGE_RIVER_fall",2021,4,"Hap2","2"
"240192","PUNTLEDGE_RIVER_fall",2021,4,"Hap1","2"
"240192","PUNTLEDGE_RIVER_fall",2021,4,"Hap2","2"
"240195","PUNTLEDGE_RIVER_fall",2021,4,"Hap1","2"
"240195","PUNTLEDGE_RIVER_fall",2021,4,"Hap2","2"
"240203","PUNTLEDGE_RIVER_fall",2021,2,"Hap1","3"
"240203","PUNTLEDGE_RIVER_fall",2021,2,"Hap2","4"
"240205","PUNTLEDGE_RIVER_fall",2021,2,"Hap1","4"
"240205","PUNTLEDGE_RIVER_fall",2021,2,"Hap2","2"
"240206","PUNTLEDGE_RIVER_fall",2021,2,"Hap1","1"
"240206","PUNTLEDGE_RIVER_fall",2021,2,"Hap2","5"
"240207","PUNTLEDGE_RIVER_fall",2021,2,"Hap1","4"
"240207","PUNTLEDGE_RIVER_fall",2021,2,"Hap2","5"
"240208","PUNTLEDGE_RIVER_fall",2021,2,"Hap1","1"
"240208","PUNTLEDGE_RIVER_fall",2021,2,"Hap2","5"
"240210","PUNTLEDGE_RIVER_fall",2021,2,"Hap1","4"
"240210","PUNTLEDGE_RIVER_fall",2021,2,"Hap2","2"
"240213","PUNTLEDGE_RIVER_fall",2021,4,"Hap1","2"
"240213","PUNTLEDGE_RIVER_fall",2021,4,"Hap2","3"
"240214","PUNTLEDGE_RIVER_fall",2021,4,"Hap1","2"
"240214","PUNTLEDGE_RIVER_fall",2021,4,"Hap2","1"
"240220","PUNTLEDGE_RIVER_fall",2021,4,"Hap1","2"
"240220","PUNTLEDGE_RIVER_fall",2021,4,"Hap2","3"
"240221","PUNTLEDGE_RIVER_fall",2021,4,"Hap1","3"
"240221","PUNTLEDGE_RIVER_fall",2021,4,"Hap2","4"
"240227","PUNTLEDGE_RIVER_fall",2021,2,"Hap1","2"
"240227","PUNTLEDGE_RIVER_fall",2021,2,"Hap2","2"
"240228","PUNTLEDGE_RIVER_fall",2021,2,"Hap1","1"
"240228","PUNTLEDGE_RIVER_fall",2021,2,"Hap2","5"
"240229","PUNTLEDGE_RIVER_fall",2021,2,"Hap1","1"
"240229","PUNTLEDGE_RIVER_fall",2021,2,"Hap2","5"
"240230","PUNTLEDGE_RIVER_fall",2021,2,"Hap1","4"
"240230","PUNTLEDGE_RIVER_fall",2021,2,"Hap2","2"
"240231","PUNTLEDGE_RIVER_fall",2021,2,"Hap1","4"
"240231","PUNTLEDGE_RIVER_fall",2021,2,"Hap2","2"
"240233","PUNTLEDGE_RIVER_fall",2021,2,"Hap1","1"
"240233","PUNTLEDGE_RIVER_fall",2021,2,"Hap2","5"
"240236","PUNTLEDGE_RIVER_fall",2021,2,"Hap1","1"
"240236","PUNTLEDGE_RIVER_fall",2021,2,"Hap2","5"
"240247","PUNTLEDGE_RIVER_fall",2021,3,"Hap1","4"
"240247","PUNTLEDGE_RIVER_fall",2021,3,"Hap2","2"
"240248","PUNTLEDGE_RIVER_fall",2021,4,"Hap1","2"
"240248","PUNTLEDGE_RIVER_fall",2021,4,"Hap2","4"
"240257","PUNTLEDGE_RIVER_fall",2021,3,"Hap1","2"
"240257","PUNTLEDGE_RIVER_fall",2021,3,"Hap2","2"
"240294","PUNTLEDGE_RIVER_fall",2021,4,"Hap1","3"
"240294","PUNTLEDGE_RIVER_fall",2021,4,"Hap2","2"
"240295","PUNTLEDGE_RIVER_fall",2021,4,"Hap1","4"
"240295","PUNTLEDGE_RIVER_fall",2021,4,"Hap2","2"
"240310","PUNTLEDGE_RIVER_fall",2021,2,"Hap1","2"
"240310","PUNTLEDGE_RIVER_fall",2021,2,"Hap2","1"
"240363","PUNTLEDGE_RIVER_fall",2021,2,"Hap1","4"
"240363","PUNTLEDGE_RIVER_fall",2021,2,"Hap2","2"
"240367","PUNTLEDGE_RIVER_fall",2021,3,"Hap1","1"
"240367","PUNTLEDGE_RIVER_fall",2021,3,"Hap2","5"
"240380","PUNTLEDGE_RIVER_fall",2021,3,"Hap1","1"
"240380","PUNTLEDGE_RIVER_fall",2021,3,"Hap2","5"
"240383","PUNTLEDGE_RIVER_fall",2021,3,"Hap1","2"
"240383","PUNTLEDGE_RIVER_fall",2021,3,"Hap2","4"
"240387","PUNTLEDGE_RIVER_fall",2021,2,"Hap1","2"
"240387","PUNTLEDGE_RIVER_fall",2021,2,"Hap2","4"
"240405","PUNTLEDGE_RIVER_fall",2021,3,"Hap1","4"
"240405","PUNTLEDGE_RIVER_fall",2021,3,"Hap2","2"
"240406","PUNTLEDGE_RIVER_fall",2021,3,"Hap1","3"
"240406","PUNTLEDGE_RIVER_fall",2021,3,"Hap2","2"
"240407","PUNTLEDGE_RIVER_fall",2021,3,"Hap1","2"
"240407","PUNTLEDGE_RIVER_fall",2021,3,"Hap2","1"
"240416","PUNTLEDGE_RIVER_fall",2021,3,"Hap1","2"
"240416","PUNTLEDGE_RIVER_fall",2021,3,"Hap2","5"
"240424","PUNTLEDGE_RIVER_fall",2021,2,"Hap1","2"
"240424","PUNTLEDGE_RIVER_fall",2021,2,"Hap2","4"
"240425","PUNTLEDGE_RIVER_fall",2021,2,"Hap1","4"
"240425","PUNTLEDGE_RIVER_fall",2021,2,"Hap2","2"
"240430","PUNTLEDGE_RIVER_fall",2021,2,"Hap1","4"
"240430","PUNTLEDGE_RIVER_fall",2021,2,"Hap2","3"
"240440","PUNTLEDGE_RIVER_fall",2021,4,"Hap1","4"
"240440","PUNTLEDGE_RIVER_fall",2021,4,"Hap2","3"
"240443","PUNTLEDGE_RIVER_fall",2021,3,"Hap1","2"
"240443","PUNTLEDGE_RIVER_fall",2021,3,"Hap2","1"
"25208","PUNTLEDGE_RIVER_fall",2019,4,"Hap1","2"
"25208","PUNTLEDGE_RIVER_fall",2019,4,"Hap2","3"
"25214","PUNTLEDGE_RIVER_fall",2019,4,"Hap1","3"
"25214","PUNTLEDGE_RIVER_fall",2019,4,"Hap2","2"
"25219","PUNTLEDGE_RIVER_fall",2019,3,"Hap1","1"
"25219","PUNTLEDGE_RIVER_fall",2019,3,"Hap2","2"
"25240","PUNTLEDGE_RIVER_fall",2019,2,"Hap1","2"
"25240","PUNTLEDGE_RIVER_fall",2019,2,"Hap2","5"
"25247","PUNTLEDGE_RIVER_fall",2019,3,"Hap1","4"
"25247","PUNTLEDGE_RIVER_fall",2019,3,"Hap2","2"
"25255","PUNTLEDGE_RIVER_fall",2019,4,"Hap1","1"
"25255","PUNTLEDGE_RIVER_fall",2019,4,"Hap2","2"
"25268","PUNTLEDGE_RIVER_fall",2019,4,"Hap1","4"
"25268","PUNTLEDGE_RIVER_fall",2019,4,"Hap2","2"
"25286","PUNTLEDGE_RIVER_fall",2019,3,"Hap1","1"
"25286","PUNTLEDGE_RIVER_fall",2019,3,"Hap2","2"
"25292","PUNTLEDGE_RIVER_fall",2019,3,"Hap1","2"
"25292","PUNTLEDGE_RIVER_fall",2019,3,"Hap2","1"
"25296","PUNTLEDGE_RIVER_fall",2019,4,"Hap1","2"
"25296","PUNTLEDGE_RIVER_fall",2019,4,"Hap2","3"
"25344","PUNTLEDGE_RIVER_fall",2019,4,"Hap1","2"
"25344","PUNTLEDGE_RIVER_fall",2019,4,"Hap2","3"
"25348","PUNTLEDGE_RIVER_fall",2019,3,"Hap1","2"
"25348","PUNTLEDGE_RIVER_fall",2019,3,"Hap2","3"
"25383","PUNTLEDGE_RIVER_fall",2019,3,"Hap1","2"
"25383","PUNTLEDGE_RIVER_fall",2019,3,"Hap2","3"
"25385","PUNTLEDGE_RIVER_fall",2019,3,"Hap1","2"
"25385","PUNTLEDGE_RIVER_fall",2019,3,"Hap2","2"
"25391","PUNTLEDGE_RIVER_fall",2019,3,"Hap1","2"
"25391","PUNTLEDGE_RIVER_fall",2019,3,"Hap2","3"
"25399","PUNTLEDGE_RIVER_fall",2019,4,"Hap1","2"
"25399","PUNTLEDGE_RIVER_fall",2019,4,"Hap2","3"
"25408","PUNTLEDGE_RIVER_fall",2019,4,"Hap1","2"
"25408","PUNTLEDGE_RIVER_fall",2019,4,"Hap2","5"
"25410","PUNTLEDGE_RIVER_fall",2019,3,"Hap1","2"
"25410","PUNTLEDGE_RIVER_fall",2019,3,"Hap2","1"
"25420","PUNTLEDGE_RIVER_fall",2019,4,"Hap1","2"
"25420","PUNTLEDGE_RIVER_fall",2019,4,"Hap2","3"
"25430","PUNTLEDGE_RIVER_fall",2019,4,"Hap1","2"
"25430","PUNTLEDGE_RIVER_fall",2019,4,"Hap2","4"
"25437","PUNTLEDGE_RIVER_fall",2019,4,"Hap1","5"
"25437","PUNTLEDGE_RIVER_fall",2019,4,"Hap2","2"
"25445","PUNTLEDGE_RIVER_fall",2019,3,"Hap1","2"
"25445","PUNTLEDGE_RIVER_fall",2019,3,"Hap2","1"
"25454","PUNTLEDGE_RIVER_fall",2019,3,"Hap1","1"
"25454","PUNTLEDGE_RIVER_fall",2019,3,"Hap2","2"
"25465","PUNTLEDGE_RIVER_fall",2019,4,"Hap1","4"
"25465","PUNTLEDGE_RIVER_fall",2019,4,"Hap2","2"
"25488","PUNTLEDGE_RIVER_fall",2019,4,"Hap1","1"
"25488","PUNTLEDGE_RIVER_fall",2019,4,"Hap2","2"
"25511","PUNTLEDGE_RIVER_fall",2019,2,"Hap1","2"
"25511","PUNTLEDGE_RIVER_fall",2019,2,"Hap2","3"
"25513","PUNTLEDGE_RIVER_fall",2019,2,"Hap1","2"
"25513","PUNTLEDGE_RIVER_fall",2019,2,"Hap2","3"
"25514","PUNTLEDGE_RIVER_fall",2019,2,"Hap1","1"
"25514","PUNTLEDGE_RIVER_fall",2019,2,"Hap2","2"
"25524","PUNTLEDGE_RIVER_fall",2019,3,"Hap1","1"
"25524","PUNTLEDGE_RIVER_fall",2019,3,"Hap2","2"
"25525","PUNTLEDGE_RIVER_fall",2019,3,"Hap1","3"
"25525","PUNTLEDGE_RIVER_fall",2019,3,"Hap2","2"
"25545","PUNTLEDGE_RIVER_fall",2019,2,"Hap1","2"
"25545","PUNTLEDGE_RIVER_fall",2019,2,"Hap2","3"
"25550","PUNTLEDGE_RIVER_fall",2019,3,"Hap1","2"
"25550","PUNTLEDGE_RIVER_fall",2019,3,"Hap2","2"
"25555","PUNTLEDGE_RIVER_fall",2019,3,"Hap1","4"
"25555","PUNTLEDGE_RIVER_fall",2019,3,"Hap2","2"
"25560","PUNTLEDGE_RIVER_fall",2019,2,"Hap1","1"
"25560","PUNTLEDGE_RIVER_fall",2019,2,"Hap2","2"
"25562","PUNTLEDGE_RIVER_fall",2019,4,"Hap1","2"
"25562","PUNTLEDGE_RIVER_fall",2019,4,"Hap2","1"
"25572","PUNTLEDGE_RIVER_fall",2019,4,"Hap1","1"
"25572","PUNTLEDGE_RIVER_fall",2019,4,"Hap2","2"
"25575","PUNTLEDGE_RIVER_fall",2019,3,"Hap1","3"
"25575","PUNTLEDGE_RIVER_fall",2019,3,"Hap2","4"
"25586","PUNTLEDGE_RIVER_fall",2019,4,"Hap1","5"
"25586","PUNTLEDGE_RIVER_fall",2019,4,"Hap2","4"
"25587","PUNTLEDGE_RIVER_fall",2019,4,"Hap1","1"
"25587","PUNTLEDGE_RIVER_fall",2019,4,"Hap2","2"
"25598","PUNTLEDGE_RIVER_fall",2019,3,"Hap1","1"
"25598","PUNTLEDGE_RIVER_fall",2019,3,"Hap2","2"
"25606","PUNTLEDGE_RIVER_fall",2019,4,"Hap1","2"
"25606","PUNTLEDGE_RIVER_fall",2019,4,"Hap2","5"
"25620","PUNTLEDGE_RIVER_fall",2019,2,"Hap1","2"
"25620","PUNTLEDGE_RIVER_fall",2019,2,"Hap2","2"
"25622","PUNTLEDGE_RIVER_fall",2019,4,"Hap1","1"
"25622","PUNTLEDGE_RIVER_fall",2019,4,"Hap2","2"
"25646","PUNTLEDGE_RIVER_fall",2019,2,"Hap1","3"
"25646","PUNTLEDGE_RIVER_fall",2019,2,"Hap2","2"
"25649","PUNTLEDGE_RIVER_fall",2019,4,"Hap1","1"
"25649","PUNTLEDGE_RIVER_fall",2019,4,"Hap2","2"
"25653","PUNTLEDGE_RIVER_fall",2019,2,"Hap1","2"
"25653","PUNTLEDGE_RIVER_fall",2019,2,"Hap2","3"
"25663","PUNTLEDGE_RIVER_fall",2019,2,"Hap1","2"
"25663","PUNTLEDGE_RIVER_fall",2019,2,"Hap2","1"
"25664","PUNTLEDGE_RIVER_fall",2019,4,"Hap1","2"
"25664","PUNTLEDGE_RIVER_fall",2019,4,"Hap2","1"
"25666","PUNTLEDGE_RIVER_fall",2019,3,"Hap1","4"
"25666","PUNTLEDGE_RIVER_fall",2019,3,"Hap2","2"
"25671","PUNTLEDGE_RIVER_fall",2019,2,"Hap1","1"
"25671","PUNTLEDGE_RIVER_fall",2019,2,"Hap2","5"
"25676","PUNTLEDGE_RIVER_fall",2019,2,"Hap1","1"
"25676","PUNTLEDGE_RIVER_fall",2019,2,"Hap2","2"
"25679","PUNTLEDGE_RIVER_fall",2019,2,"Hap1","2"
"25679","PUNTLEDGE_RIVER_fall",2019,2,"Hap2","2"
"326","CHILLIWACK_RIVER_fall",2017,4,"Hap1","5"
"326","CHILLIWACK_RIVER_fall",2017,4,"Hap2","6"
"328","CHILLIWACK_RIVER_fall",2017,2,"Hap1","5"
"328","CHILLIWACK_RIVER_fall",2017,2,"Hap2","6"
"334","CHILLIWACK_RIVER_fall",2017,2,"Hap1","5"
"334","CHILLIWACK_RIVER_fall",2017,2,"Hap2","7"
"335","CHILLIWACK_RIVER_fall",2017,2,"Hap1","6"
"335","CHILLIWACK_RIVER_fall",2017,2,"Hap2","5"
"343","CHILLIWACK_RIVER_fall",2017,3,"Hap1","5"
"343","CHILLIWACK_RIVER_fall",2017,3,"Hap2","5"
"3873","QUALICUM_RIVER",2017,4,"Hap1","3"
"3873","QUALICUM_RIVER",2017,4,"Hap2","5"
"3898","QUALICUM_RIVER",2017,3,"Hap1","3"
"3898","QUALICUM_RIVER",2017,3,"Hap2","2"
"40410","CHILLIWACK_RIVER_fall",2019,2,"Hap1","5"
"40410","CHILLIWACK_RIVER_fall",2019,2,"Hap2","5"
"40412","CHILLIWACK_RIVER_fall",2019,4,"Hap1","5"
"40412","CHILLIWACK_RIVER_fall",2019,4,"Hap2","5"
"40510","CHILLIWACK_RIVER_fall",2019,3,"Hap1","5"
"40510","CHILLIWACK_RIVER_fall",2019,3,"Hap2","5"
"40514","CHILLIWACK_RIVER_fall",2019,3,"Hap1","6"
"40514","CHILLIWACK_RIVER_fall",2019,3,"Hap2","5"
"40532-R","CHILLIWACK_RIVER_fall",2019,4,"Hap1","5"
"40532-R","CHILLIWACK_RIVER_fall",2019,4,"Hap2","6"
"40566-R","CHILLIWACK_RIVER_fall",2019,4,"Hap1","5"
"40566-R","CHILLIWACK_RIVER_fall",2019,4,"Hap2","5"
"40577-R","CHILLIWACK_RIVER_fall",2019,4,"Hap1","5"
"40577-R","CHILLIWACK_RIVER_fall",2019,4,"Hap2","5"
"40579","CHILLIWACK_RIVER_fall",2019,2,"Hap1","7"
"40579","CHILLIWACK_RIVER_fall",2019,2,"Hap2","5"
"50139-R","QUALICUM_RIVER",2018,3,"Hap1","4"
"50139-R","QUALICUM_RIVER",2018,3,"Hap2","2"
"50165-R","QUALICUM_RIVER",2018,2,"Hap1","2"
"50165-R","QUALICUM_RIVER",2018,2,"Hap2","3"
"50173-R","QUALICUM_RIVER",2018,3,"Hap1","4"
"50173-R","QUALICUM_RIVER",2018,3,"Hap2","3"
"50190","QUALICUM_RIVER",2018,2,"Hap1","1"
"50190","QUALICUM_RIVER",2018,2,"Hap2","2"
"50210","QUALICUM_RIVER",2018,3,"Hap1","2"
"50210","QUALICUM_RIVER",2018,3,"Hap2","4"
"51650","CHILLIWACK_RIVER_fall",2017,3,"Hap1","3"
"51650","CHILLIWACK_RIVER_fall",2017,3,"Hap2","5"
"51661","CHILLIWACK_RIVER_fall",2017,3,"Hap1","5"
"51661","CHILLIWACK_RIVER_fall",2017,3,"Hap2","5"
"51662","CHILLIWACK_RIVER_fall",2017,4,"Hap1","7"
"51662","CHILLIWACK_RIVER_fall",2017,4,"Hap2","5"
"51665","CHILLIWACK_RIVER_fall",2017,4,"Hap1","5"
"51665","CHILLIWACK_RIVER_fall",2017,4,"Hap2","7"
"51670","CHILLIWACK_RIVER_fall",2017,3,"Hap1","5"
"51670","CHILLIWACK_RIVER_fall",2017,3,"Hap2","7"
"51801","CHILLIWACK_RIVER_fall",2017,2,"Hap1","5"
"51801","CHILLIWACK_RIVER_fall",2017,2,"Hap2","5"
"51803","CHILLIWACK_RIVER_fall",2017,2,"Hap1","6"
"51803","CHILLIWACK_RIVER_fall",2017,2,"Hap2","5"
"51804","CHILLIWACK_RIVER_fall",2017,2,"Hap1","5"
"51804","CHILLIWACK_RIVER_fall",2017,2,"Hap2","5"
"51815","CHILLIWACK_RIVER_fall",2017,2,"Hap1","6"
"51815","CHILLIWACK_RIVER_fall",2017,2,"Hap2","5"
"51821","CHILLIWACK_RIVER_fall",2017,2,"Hap1","5"
"51821","CHILLIWACK_RIVER_fall",2017,2,"Hap2","6"
"51842","CHILLIWACK_RIVER_fall",2017,2,"Hap1","5"
"51842","CHILLIWACK_RIVER_fall",2017,2,"Hap2","5"
"51843","CHILLIWACK_RIVER_fall",2017,2,"Hap1","7"
"51843","CHILLIWACK_RIVER_fall",2017,2,"Hap2","5"
"51855","CHILLIWACK_RIVER_fall",2017,2,"Hap1","5"
"51855","CHILLIWACK_RIVER_fall",2017,2,"Hap2","6"
"51864","CHILLIWACK_RIVER_fall",2017,2,"Hap1","5"
"51864","CHILLIWACK_RIVER_fall",2017,2,"Hap2","6"
"51867","CHILLIWACK_RIVER_fall",2017,2,"Hap1","5"
"51867","CHILLIWACK_RIVER_fall",2017,2,"Hap2","6"
"51888","CHILLIWACK_RIVER_fall",2017,2,"Hap1","5"
"51888","CHILLIWACK_RIVER_fall",2017,2,"Hap2","5"
"51890","CHILLIWACK_RIVER_fall",2017,2,"Hap1","5"
"51890","CHILLIWACK_RIVER_fall",2017,2,"Hap2","6"
"54319-BU","PUNTLEDGE_RIVER_fall",2017,2,"Hap1","3"
"54319-BU","PUNTLEDGE_RIVER_fall",2017,2,"Hap2","2"
"54320","PUNTLEDGE_RIVER_fall",2017,2,"Hap1","5"
"54320","PUNTLEDGE_RIVER_fall",2017,2,"Hap2","2"
"54322","PUNTLEDGE_RIVER_fall",2017,2,"Hap1","2"
"54322","PUNTLEDGE_RIVER_fall",2017,2,"Hap2","2"
"54341","PUNTLEDGE_RIVER_fall",2017,2,"Hap1","2"
"54341","PUNTLEDGE_RIVER_fall",2017,2,"Hap2","1"
"54344","PUNTLEDGE_RIVER_fall",2017,2,"Hap1","2"
"54344","PUNTLEDGE_RIVER_fall",2017,2,"Hap2","1"
"54346","PUNTLEDGE_RIVER_fall",2017,2,"Hap1","2"
"54346","PUNTLEDGE_RIVER_fall",2017,2,"Hap2","3"
"54348","PUNTLEDGE_RIVER_fall",2017,2,"Hap1","3"
"54348","PUNTLEDGE_RIVER_fall",2017,2,"Hap2","2"
"54351","PUNTLEDGE_RIVER_fall",2017,2,"Hap1","2"
"54351","PUNTLEDGE_RIVER_fall",2017,2,"Hap2","1"
"54353","PUNTLEDGE_RIVER_fall",2017,2,"Hap1","1"
"54353","PUNTLEDGE_RIVER_fall",2017,2,"Hap2","2"
"54363","PUNTLEDGE_RIVER_fall",2017,2,"Hap1","1"
"54363","PUNTLEDGE_RIVER_fall",2017,2,"Hap2","2"
"54364","PUNTLEDGE_RIVER_fall",2017,2,"Hap1","1"
"54364","PUNTLEDGE_RIVER_fall",2017,2,"Hap2","2"
"54366","PUNTLEDGE_RIVER_fall",2017,2,"Hap1","2"
"54366","PUNTLEDGE_RIVER_fall",2017,2,"Hap2","2"
"54371","PUNTLEDGE_RIVER_fall",2017,2,"Hap1","2"
"54371","PUNTLEDGE_RIVER_fall",2017,2,"Hap2","1"
"54390","PUNTLEDGE_RIVER_fall",2017,2,"Hap1","1"
"54390","PUNTLEDGE_RIVER_fall",2017,2,"Hap2","5"
"54401","PUNTLEDGE_RIVER_fall",2017,2,"Hap1","1"
"54401","PUNTLEDGE_RIVER_fall",2017,2,"Hap2","2"
"54403","PUNTLEDGE_RIVER_fall",2017,2,"Hap1","3"
"54403","PUNTLEDGE_RIVER_fall",2017,2,"Hap2","2"
"54404-BU","PUNTLEDGE_RIVER_fall",2017,2,"Hap1","1"
"54404-BU","PUNTLEDGE_RIVER_fall",2017,2,"Hap2","2"
"54420","PUNTLEDGE_RIVER_fall",2017,2,"Hap1","2"
"54420","PUNTLEDGE_RIVER_fall",2017,2,"Hap2","3"
"54423","PUNTLEDGE_RIVER_fall",2017,2,"Hap1","4"
"54423","PUNTLEDGE_RIVER_fall",2017,2,"Hap2","2"
"54427","PUNTLEDGE_RIVER_fall",2017,2,"Hap1","2"
"54427","PUNTLEDGE_RIVER_fall",2017,2,"Hap2","3"
"54428","PUNTLEDGE_RIVER_fall",2017,2,"Hap1","1"
"54428","PUNTLEDGE_RIVER_fall",2017,2,"Hap2","2"
"54432","PUNTLEDGE_RIVER_fall",2017,2,"Hap1","1"
"54432","PUNTLEDGE_RIVER_fall",2017,2,"Hap2","2"
"54433","PUNTLEDGE_RIVER_fall",2017,2,"Hap1","1"
"54433","PUNTLEDGE_RIVER_fall",2017,2,"Hap2","2"
"54464","PUNTLEDGE_RIVER_fall",2017,2,"Hap1","3"
"54464","PUNTLEDGE_RIVER_fall",2017,2,"Hap2","2"
"54469","PUNTLEDGE_RIVER_fall",2017,2,"Hap1","1"
"54469","PUNTLEDGE_RIVER_fall",2017,2,"Hap2","2"
"5602","QUALICUM_RIVER",2017,3,"Hap1","1"
"5602","QUALICUM_RIVER",2017,3,"Hap2","2"
"5605","QUALICUM_RIVER",2017,3,"Hap1","3"
"5605","QUALICUM_RIVER",2017,3,"Hap2","2"
"5606","QUALICUM_RIVER",2017,3,"Hap1","3"
"5606","QUALICUM_RIVER",2017,3,"Hap2","2"
"5630","QUALICUM_RIVER",2016,2,"Hap1","1"
"5630","QUALICUM_RIVER",2016,2,"Hap2","2"
"5643","QUALICUM_RIVER",2018,2,"Hap1","4"
"5643","QUALICUM_RIVER",2018,2,"Hap2","2"
"5662","QUALICUM_RIVER",2016,2,"Hap1","2"
"5662","QUALICUM_RIVER",2016,2,"Hap2","1"
"5664","QUALICUM_RIVER",2017,2,"Hap1","4"
"5664","QUALICUM_RIVER",2017,2,"Hap2","2"
"5675","QUALICUM_RIVER",2016,3,"Hap1","2"
"5675","QUALICUM_RIVER",2016,3,"Hap2","1"
"5677","QUALICUM_RIVER",2016,3,"Hap1","2"
"5677","QUALICUM_RIVER",2016,3,"Hap2","3"
"5679","QUALICUM_RIVER",2017,2,"Hap1","2"
"5679","QUALICUM_RIVER",2017,2,"Hap2","3"
"5690","QUALICUM_RIVER",2018,2,"Hap1","5"
"5690","QUALICUM_RIVER",2018,2,"Hap2","4"
"5706","QUALICUM_RIVER",2017,3,"Hap1","2"
"5706","QUALICUM_RIVER",2017,3,"Hap2","3"
"5722","QUALICUM_RIVER",2016,2,"Hap1","2"
"5722","QUALICUM_RIVER",2016,2,"Hap2","1"
"5724","QUALICUM_RIVER",2018,4,"Hap1","2"
"5724","QUALICUM_RIVER",2018,4,"Hap2","2"
"5726","QUALICUM_RIVER",2017,3,"Hap1","2"
"5726","QUALICUM_RIVER",2017,3,"Hap2","1"
"5731","QUALICUM_RIVER",2017,3,"Hap1","3"
"5731","QUALICUM_RIVER",2017,3,"Hap2","2"
"5735","QUALICUM_RIVER",2018,3,"Hap1","2"
"5735","QUALICUM_RIVER",2018,3,"Hap2","3"
"5752","QUALICUM_RIVER",2016,2,"Hap1","3"
"5752","QUALICUM_RIVER",2016,2,"Hap2","2"
"5758","QUALICUM_RIVER",2017,4,"Hap1","2"
"5758","QUALICUM_RIVER",2017,4,"Hap2","3"
"5759","QUALICUM_RIVER",2016,3,"Hap1","2"
"5759","QUALICUM_RIVER",2016,3,"Hap2","3"
"5779","QUALICUM_RIVER",2018,3,"Hap1","2"
"5779","QUALICUM_RIVER",2018,3,"Hap2","3"
"5781","QUALICUM_RIVER",2018,4,"Hap1","1"
"5781","QUALICUM_RIVER",2018,4,"Hap2","2"
"5792","QUALICUM_RIVER",2018,4,"Hap1","2"
"5792","QUALICUM_RIVER",2018,4,"Hap2","3"
"5802","QUALICUM_RIVER",2018,4,"Hap1","2"
"5802","QUALICUM_RIVER",2018,4,"Hap2","5"
"5811","QUALICUM_RIVER",2016,3,"Hap1","2"
"5811","QUALICUM_RIVER",2016,3,"Hap2","3"
"5815","QUALICUM_RIVER",2018,2,"Hap1","4"
"5815","QUALICUM_RIVER",2018,2,"Hap2","2"
"5824","QUALICUM_RIVER",2018,4,"Hap1","3"
"5824","QUALICUM_RIVER",2018,4,"Hap2","2"
"5829-R","QUALICUM_RIVER",2018,3,"Hap1","1"
"5829-R","QUALICUM_RIVER",2018,3,"Hap2","5"
"5830-1","QUALICUM_RIVER",2017,3,"Hap1","2"
"5830-1","QUALICUM_RIVER",2017,3,"Hap2","1"
"5830-2","QUALICUM_RIVER",2018,4,"Hap1","2"
"5830-2","QUALICUM_RIVER",2018,4,"Hap2","4"
"5838","QUALICUM_RIVER",2017,3,"Hap1","3"
"5838","QUALICUM_RIVER",2017,3,"Hap2","2"
"5842","QUALICUM_RIVER",2016,2,"Hap1","2"
"5842","QUALICUM_RIVER",2016,2,"Hap2","4"
"5846","QUALICUM_RIVER",2017,3,"Hap1","2"
"5846","QUALICUM_RIVER",2017,3,"Hap2","3"
"5866","QUALICUM_RIVER",2018,4,"Hap1","4"
"5866","QUALICUM_RIVER",2018,4,"Hap2","2"
"5897","QUALICUM_RIVER",2016,3,"Hap1","2"
"5897","QUALICUM_RIVER",2016,3,"Hap2","1"
"5907","QUALICUM_RIVER",2017,3,"Hap1","3"
"5907","QUALICUM_RIVER",2017,3,"Hap2","2"
"5942-R","QUALICUM_RIVER",2018,3,"Hap1","2"
"5942-R","QUALICUM_RIVER",2018,3,"Hap2","3"
"59459","PUNTLEDGE_RIVER_fall",2018,3,"Hap1","1"
"59459","PUNTLEDGE_RIVER_fall",2018,3,"Hap2","2"
"5950","QUALICUM_RIVER",2018,4,"Hap1","2"
"5950","QUALICUM_RIVER",2018,4,"Hap2","3"
"5963","QUALICUM_RIVER",2018,3,"Hap1","3"
"5963","QUALICUM_RIVER",2018,3,"Hap2","2"
"5968","QUALICUM_RIVER",2017,3,"Hap1","2"
"5968","QUALICUM_RIVER",2017,3,"Hap2","3"
"5993-BU","QUALICUM_RIVER",2016,3,"Hap1","2"
"5993-BU","QUALICUM_RIVER",2016,3,"Hap2","2"
"6001","QUALICUM_RIVER",2017,2,"Hap1","2"
"6001","QUALICUM_RIVER",2017,2,"Hap2","2"
"6004","QUALICUM_RIVER",2018,3,"Hap1","2"
"6004","QUALICUM_RIVER",2018,3,"Hap2","3"
"6041","QUALICUM_RIVER",2016,3,"Hap1","1"
"6041","QUALICUM_RIVER",2016,3,"Hap2","2"
"6043-R","QUALICUM_RIVER",2018,4,"Hap1","2"
"6043-R","QUALICUM_RIVER",2018,4,"Hap2","3"
"6058","QUALICUM_RIVER",2017,3,"Hap1","3"
"6058","QUALICUM_RIVER",2017,3,"Hap2","2"
"6062","QUALICUM_RIVER",2016,2,"Hap1","2"
"6062","QUALICUM_RIVER",2016,2,"Hap2","2"
"6071","QUALICUM_RIVER",2018,3,"Hap1","1"
"6071","QUALICUM_RIVER",2018,3,"Hap2","5"
"6073","QUALICUM_RIVER",2017,4,"Hap1","1"
"6073","QUALICUM_RIVER",2017,4,"Hap2","2"
"6074","QUALICUM_RIVER",2018,3,"Hap1","2"
"6074","QUALICUM_RIVER",2018,3,"Hap2","1"
"6076","QUALICUM_RIVER",2018,2,"Hap1","1"
"6076","QUALICUM_RIVER",2018,2,"Hap2","2"
"6101","QUALICUM_RIVER",2018,5,"Hap1","2"
"6101","QUALICUM_RIVER",2018,5,"Hap2","3"
"6132","QUALICUM_RIVER",2016,3,"Hap1","2"
"6132","QUALICUM_RIVER",2016,3,"Hap2","1"
"6145","QUALICUM_RIVER",2018,3,"Hap1","3"
"6145","QUALICUM_RIVER",2018,3,"Hap2","2"
"6147","QUALICUM_RIVER",2016,3,"Hap1","5"
"6147","QUALICUM_RIVER",2016,3,"Hap2","2"
"6190","QUALICUM_RIVER",2017,3,"Hap1","3"
"6190","QUALICUM_RIVER",2017,3,"Hap2","2"
"6193","QUALICUM_RIVER",2017,4,"Hap1","2"
"6193","QUALICUM_RIVER",2017,4,"Hap2","1"
"62","PUNTLEDGE_RIVER_fall",2017,4,"Hap1","1"
"62","PUNTLEDGE_RIVER_fall",2017,4,"Hap2","2"
"6231-R","QUALICUM_RIVER",2018,4,"Hap1","1"
"6231-R","QUALICUM_RIVER",2018,4,"Hap2","2"
"6240","QUALICUM_RIVER",2017,3,"Hap1","2"
"6240","QUALICUM_RIVER",2017,3,"Hap2","1"
"6250","QUALICUM_RIVER",2017,3,"Hap1","2"
"6250","QUALICUM_RIVER",2017,3,"Hap2","3"
"6274","QUALICUM_RIVER",2017,2,"Hap1","2"
"6274","QUALICUM_RIVER",2017,2,"Hap2","2"
"6288-1-R","QUALICUM_RIVER",2018,2,"Hap1","2"
"6288-1-R","QUALICUM_RIVER",2018,2,"Hap2","3"
"6288-2","QUALICUM_RIVER",2017,3,"Hap1","2"
"6288-2","QUALICUM_RIVER",2017,3,"Hap2","1"
"6293","QUALICUM_RIVER",2018,4,"Hap1","2"
"6293","QUALICUM_RIVER",2018,4,"Hap2","3"
"6295-R","QUALICUM_RIVER",2018,4,"Hap1","3"
"6295-R","QUALICUM_RIVER",2018,4,"Hap2","2"
"63","PUNTLEDGE_RIVER_fall",2017,3,"Hap1","3"
"63","PUNTLEDGE_RIVER_fall",2017,3,"Hap2","2"
"6300","QUALICUM_RIVER",2018,3,"Hap1","2"
"6300","QUALICUM_RIVER",2018,3,"Hap2","1"
"6308","QUALICUM_RIVER",2018,2,"Hap1","2"
"6308","QUALICUM_RIVER",2018,2,"Hap2","3"
"6312","QUALICUM_RIVER",2018,3,"Hap1","2"
"6312","QUALICUM_RIVER",2018,3,"Hap2","3"
"6331","QUALICUM_RIVER",2016,3,"Hap1","2"
"6331","QUALICUM_RIVER",2016,3,"Hap2","3"
"6357","QUALICUM_RIVER",2017,2,"Hap1","2"
"6357","QUALICUM_RIVER",2017,2,"Hap2","3"
"6359","QUALICUM_RIVER",2017,3,"Hap1","3"
"6359","QUALICUM_RIVER",2017,3,"Hap2","2"
"6379","QUALICUM_RIVER",2017,3,"Hap1","2"
"6379","QUALICUM_RIVER",2017,3,"Hap2","4"
"6411","QUALICUM_RIVER",2018,3,"Hap1","2"
"6411","QUALICUM_RIVER",2018,3,"Hap2","1"
"6412","QUALICUM_RIVER",2017,2,"Hap1","3"
"6412","QUALICUM_RIVER",2017,2,"Hap2","2"
"6419","QUALICUM_RIVER",2018,3,"Hap1","2"
"6419","QUALICUM_RIVER",2018,3,"Hap2","3"
"6434","QUALICUM_RIVER",2017,4,"Hap1","1"
"6434","QUALICUM_RIVER",2017,4,"Hap2","2"
"6452","QUALICUM_RIVER",2017,4,"Hap1","3"
"6452","QUALICUM_RIVER",2017,4,"Hap2","2"
"6469","QUALICUM_RIVER",2017,2,"Hap1","3"
"6469","QUALICUM_RIVER",2017,2,"Hap2","2"
"6487-R","QUALICUM_RIVER",2018,3,"Hap1","2"
"6487-R","QUALICUM_RIVER",2018,3,"Hap2","3"
"70804","QUALICUM_RIVER",2020,5,"Hap1","2"
"70804","QUALICUM_RIVER",2020,5,"Hap2","3"
"70806","QUALICUM_RIVER",2020,4,"Hap1","2"
"70806","QUALICUM_RIVER",2020,4,"Hap2","2"
"70809","QUALICUM_RIVER",2020,3,"Hap1","2"
"70809","QUALICUM_RIVER",2020,3,"Hap2","3"
"70835","QUALICUM_RIVER",2020,3,"Hap1","2"
"70835","QUALICUM_RIVER",2020,3,"Hap2","1"
"70885","QUALICUM_RIVER",2020,4,"Hap1","2"
"70885","QUALICUM_RIVER",2020,4,"Hap2","3"
"70917","QUALICUM_RIVER",2020,3,"Hap1","2"
"70917","QUALICUM_RIVER",2020,3,"Hap2","3"
"70949","QUALICUM_RIVER",2020,4,"Hap1","4"
"70949","QUALICUM_RIVER",2020,4,"Hap2","2"
"70963","QUALICUM_RIVER",2020,3,"Hap1","2"
"70963","QUALICUM_RIVER",2020,3,"Hap2","1"
"70971","QUALICUM_RIVER",2020,3,"Hap1","1"
"70971","QUALICUM_RIVER",2020,3,"Hap2","2"
"70984","QUALICUM_RIVER",2020,4,"Hap1","2"
"70984","QUALICUM_RIVER",2020,4,"Hap2","3"
"71018","QUALICUM_RIVER",2020,3,"Hap1","2"
"71018","QUALICUM_RIVER",2020,3,"Hap2","4"
"71021","QUALICUM_RIVER",2020,3,"Hap1","4"
"71021","QUALICUM_RIVER",2020,3,"Hap2","2"
"71080","QUALICUM_RIVER",2020,3,"Hap1","3"
"71080","QUALICUM_RIVER",2020,3,"Hap2","2"
"71082","QUALICUM_RIVER",2020,4,"Hap1","2"
"71082","QUALICUM_RIVER",2020,4,"Hap2","5"
"71118","QUALICUM_RIVER",2020,3,"Hap1","3"
"71118","QUALICUM_RIVER",2020,3,"Hap2","2"
"71135","QUALICUM_RIVER",2020,3,"Hap1","4"
"71135","QUALICUM_RIVER",2020,3,"Hap2","2"
"71192","QUALICUM_RIVER",2020,4,"Hap1","3"
"71192","QUALICUM_RIVER",2020,4,"Hap2","2"
"71276","QUALICUM_RIVER",2020,3,"Hap1","2"
"71276","QUALICUM_RIVER",2020,3,"Hap2","3"
"71288","QUALICUM_RIVER",2020,2,"Hap1","3"
"71288","QUALICUM_RIVER",2020,2,"Hap2","2"
"71293","QUALICUM_RIVER",2020,3,"Hap1","4"
"71293","QUALICUM_RIVER",2020,3,"Hap2","2"
"71304","QUALICUM_RIVER",2020,3,"Hap1","2"
"71304","QUALICUM_RIVER",2020,3,"Hap2","5"
"71308","QUALICUM_RIVER",2020,4,"Hap1","2"
"71308","QUALICUM_RIVER",2020,4,"Hap2","3"
"71372","QUALICUM_RIVER",2020,4,"Hap1","3"
"71372","QUALICUM_RIVER",2020,4,"Hap2","2"
"71393","QUALICUM_RIVER",2020,3,"Hap1","1"
"71393","QUALICUM_RIVER",2020,3,"Hap2","2"
"71399","QUALICUM_RIVER",2020,3,"Hap1","1"
"71399","QUALICUM_RIVER",2020,3,"Hap2","2"
"71421","QUALICUM_RIVER",2020,3,"Hap1","4"
"71421","QUALICUM_RIVER",2020,3,"Hap2","2"
"71437","QUALICUM_RIVER",2020,3,"Hap1","1"
"71437","QUALICUM_RIVER",2020,3,"Hap2","2"
"71533","QUALICUM_RIVER",2020,4,"Hap1","4"
"71533","QUALICUM_RIVER",2020,4,"Hap2","2"
"71535","QUALICUM_RIVER",2020,3,"Hap1","3"
"71535","QUALICUM_RIVER",2020,3,"Hap2","2"
"71564","QUALICUM_RIVER",2020,4,"Hap1","1"
"71564","QUALICUM_RIVER",2020,4,"Hap2","2"
"7402","QUALICUM_RIVER",2016,2,"Hap1","1"
"7402","QUALICUM_RIVER",2016,2,"Hap2","2"
"7403","QUALICUM_RIVER",2016,2,"Hap1","2"
"7403","QUALICUM_RIVER",2016,2,"Hap2","3"
"7404","QUALICUM_RIVER",2016,2,"Hap1","2"
"7404","QUALICUM_RIVER",2016,2,"Hap2","1"
"7405","QUALICUM_RIVER",2016,2,"Hap1","1"
"7405","QUALICUM_RIVER",2016,2,"Hap2","2"
"7406","QUALICUM_RIVER",2016,2,"Hap1","2"
"7406","QUALICUM_RIVER",2016,2,"Hap2","5"
"7407","QUALICUM_RIVER",2016,2,"Hap1","1"
"7407","QUALICUM_RIVER",2016,2,"Hap2","2"
"7410","QUALICUM_RIVER",2016,2,"Hap1","2"
"7410","QUALICUM_RIVER",2016,2,"Hap2","5"
"7411","QUALICUM_RIVER",2016,2,"Hap1","3"
"7411","QUALICUM_RIVER",2016,2,"Hap2","2"
"7412","QUALICUM_RIVER",2016,2,"Hap1","2"
"7412","QUALICUM_RIVER",2016,2,"Hap2","3"
"7414","QUALICUM_RIVER",2016,2,"Hap1","2"
"7414","QUALICUM_RIVER",2016,2,"Hap2","3"
"7416","QUALICUM_RIVER",2016,2,"Hap1","4"
"7416","QUALICUM_RIVER",2016,2,"Hap2","2"
"7422","QUALICUM_RIVER",2016,2,"Hap1","2"
"7422","QUALICUM_RIVER",2016,2,"Hap2","2"
"7424","QUALICUM_RIVER",2016,2,"Hap1","3"
"7424","QUALICUM_RIVER",2016,2,"Hap2","2"
"7425","QUALICUM_RIVER",2016,2,"Hap1","4"
"7425","QUALICUM_RIVER",2016,2,"Hap2","2"
"7427","QUALICUM_RIVER",2016,2,"Hap1","2"
"7427","QUALICUM_RIVER",2016,2,"Hap2","3"
"7431","QUALICUM_RIVER",2016,2,"Hap1","2"
"7431","QUALICUM_RIVER",2016,2,"Hap2","4"
"7432","QUALICUM_RIVER",2016,2,"Hap1","1"
"7432","QUALICUM_RIVER",2016,2,"Hap2","2"
"7434","QUALICUM_RIVER",2016,2,"Hap1","2"
"7434","QUALICUM_RIVER",2016,2,"Hap2","3"
"7435","QUALICUM_RIVER",2016,2,"Hap1","3"
"7435","QUALICUM_RIVER",2016,2,"Hap2","2"
"7436","QUALICUM_RIVER",2016,2,"Hap1","2"
"7436","QUALICUM_RIVER",2016,2,"Hap2","5"
"7438","QUALICUM_RIVER",2016,2,"Hap1","2"
"7438","QUALICUM_RIVER",2016,2,"Hap2","1"
"7440","QUALICUM_RIVER",2016,2,"Hap1","5"
"7440","QUALICUM_RIVER",2016,2,"Hap2","3"
"74401","CHILLIWACK_RIVER_fall",2020,3,"Hap1","5"
"74401","CHILLIWACK_RIVER_fall",2020,3,"Hap2","5"
"7443","QUALICUM_RIVER",2016,2,"Hap1","5"
"7443","QUALICUM_RIVER",2016,2,"Hap2","2"
"74445","CHILLIWACK_RIVER_fall",2020,4,"Hap1","5"
"74445","CHILLIWACK_RIVER_fall",2020,4,"Hap2","5"
"7447","QUALICUM_RIVER",2016,2,"Hap1","4"
"7447","QUALICUM_RIVER",2016,2,"Hap2","5"
"74475","CHILLIWACK_RIVER_fall",2020,3,"Hap1","5"
"74475","CHILLIWACK_RIVER_fall",2020,3,"Hap2","5"
"7449","QUALICUM_RIVER",2016,2,"Hap1","1"
"7449","QUALICUM_RIVER",2016,2,"Hap2","2"
"74499","CHILLIWACK_RIVER_fall",2020,3,"Hap1","5"
"74499","CHILLIWACK_RIVER_fall",2020,3,"Hap2","6"
"74500","CHILLIWACK_RIVER_fall",2020,2,"Hap1","3"
"74500","CHILLIWACK_RIVER_fall",2020,2,"Hap2","5"
"74513","CHILLIWACK_RIVER_fall",2020,3,"Hap1","6"
"74513","CHILLIWACK_RIVER_fall",2020,3,"Hap2","5"
"7453","QUALICUM_RIVER",2016,2,"Hap1","3"
"7453","QUALICUM_RIVER",2016,2,"Hap2","2"
"7455","QUALICUM_RIVER",2016,2,"Hap1","2"
"7455","QUALICUM_RIVER",2016,2,"Hap2","1"
"74576","CHILLIWACK_RIVER_fall",2020,3,"Hap1","5"
"74576","CHILLIWACK_RIVER_fall",2020,3,"Hap2","6"
"7458","QUALICUM_RIVER",2016,2,"Hap1","2"
"7458","QUALICUM_RIVER",2016,2,"Hap2","1"
"74583","CHILLIWACK_RIVER_fall",2020,4,"Hap1","5"
"74583","CHILLIWACK_RIVER_fall",2020,4,"Hap2","6"
"7460","QUALICUM_RIVER",2016,2,"Hap1","1"
"7460","QUALICUM_RIVER",2016,2,"Hap2","2"
"74603","CHILLIWACK_RIVER_fall",2020,3,"Hap1","5"
"74603","CHILLIWACK_RIVER_fall",2020,3,"Hap2","5"
"76002","CHILLIWACK_RIVER_fall",2020,3,"Hap1","5"
"76002","CHILLIWACK_RIVER_fall",2020,3,"Hap2","3"
"76045","CHILLIWACK_RIVER_fall",2020,3,"Hap1","7"
"76045","CHILLIWACK_RIVER_fall",2020,3,"Hap2","5"
"76083","CHILLIWACK_RIVER_fall",2020,4,"Hap1","5"
"76083","CHILLIWACK_RIVER_fall",2020,4,"Hap2","6"
"76119","CHILLIWACK_RIVER_fall",2020,3,"Hap1","6"
"76119","CHILLIWACK_RIVER_fall",2020,3,"Hap2","5"
"76158","CHILLIWACK_RIVER_fall",2020,3,"Hap1","6"
"76158","CHILLIWACK_RIVER_fall",2020,3,"Hap2","5"
"76163","CHILLIWACK_RIVER_fall",2020,4,"Hap1","5"
"76163","CHILLIWACK_RIVER_fall",2020,4,"Hap2","7"
"76185","CHILLIWACK_RIVER_fall",2020,4,"Hap1","6"
"76185","CHILLIWACK_RIVER_fall",2020,4,"Hap2","5"
"76242","CHILLIWACK_RIVER_fall",2020,3,"Hap1","5"
"76242","CHILLIWACK_RIVER_fall",2020,3,"Hap2","5"
"76334","CHILLIWACK_RIVER_fall",2020,2,"Hap1","5"
"76334","CHILLIWACK_RIVER_fall",2020,2,"Hap2","6"
"76411","CHILLIWACK_RIVER_fall",2020,2,"Hap1","5"
"76411","CHILLIWACK_RIVER_fall",2020,2,"Hap2","3"
"76412","CHILLIWACK_RIVER_fall",2020,3,"Hap1","3"
"76412","CHILLIWACK_RIVER_fall",2020,3,"Hap2","5"
"76430","CHILLIWACK_RIVER_fall",2020,2,"Hap1","5"
"76430","CHILLIWACK_RIVER_fall",2020,2,"Hap2","5"
"76431","CHILLIWACK_RIVER_fall",2020,2,"Hap1","5"
"76431","CHILLIWACK_RIVER_fall",2020,2,"Hap2","6"
"76442","CHILLIWACK_RIVER_fall",2020,4,"Hap1","5"
"76442","CHILLIWACK_RIVER_fall",2020,4,"Hap2","5"
"76496","CHILLIWACK_RIVER_fall",2020,3,"Hap1","6"
"76496","CHILLIWACK_RIVER_fall",2020,3,"Hap2","5"
"76541","CHILLIWACK_RIVER_fall",2020,4,"Hap1","5"
"76541","CHILLIWACK_RIVER_fall",2020,4,"Hap2","7"
"76546","CHILLIWACK_RIVER_fall",2020,3,"Hap1","5"
"76546","CHILLIWACK_RIVER_fall",2020,3,"Hap2","6"
"76584","CHILLIWACK_RIVER_fall",2020,3,"Hap1","6"
"76584","CHILLIWACK_RIVER_fall",2020,3,"Hap2","5"
"76590","CHILLIWACK_RIVER_fall",2020,3,"Hap1","5"
"76590","CHILLIWACK_RIVER_fall",2020,3,"Hap2","5"
"76591","CHILLIWACK_RIVER_fall",2020,4,"Hap1","5"
"76591","CHILLIWACK_RIVER_fall",2020,4,"Hap2","5"
"76597","CHILLIWACK_RIVER_fall",2020,4,"Hap1","5"
"76597","CHILLIWACK_RIVER_fall",2020,4,"Hap2","5"
"76617","CHILLIWACK_RIVER_fall",2020,3,"Hap1","6"
"76617","CHILLIWACK_RIVER_fall",2020,3,"Hap2","5"
"76622","CHILLIWACK_RIVER_fall",2020,4,"Hap1","5"
"76622","CHILLIWACK_RIVER_fall",2020,4,"Hap2","5"
"76655","CHILLIWACK_RIVER_fall",2020,4,"Hap1","5"
"76655","CHILLIWACK_RIVER_fall",2020,4,"Hap2","5"
"76658","CHILLIWACK_RIVER_fall",2020,2,"Hap1","5"
"76658","CHILLIWACK_RIVER_fall",2020,2,"Hap2","3"
"76669","CHILLIWACK_RIVER_fall",2020,4,"Hap1","5"
"76669","CHILLIWACK_RIVER_fall",2020,4,"Hap2","5"
"76681","CHILLIWACK_RIVER_fall",2020,3,"Hap1","5"
"76681","CHILLIWACK_RIVER_fall",2020,3,"Hap2","5"
"76692","CHILLIWACK_RIVER_fall",2020,3,"Hap1","5"
"76692","CHILLIWACK_RIVER_fall",2020,3,"Hap2","6"
"80424","CHILLIWACK_RIVER_fall",2018,3,"Hap1","6"
"80424","CHILLIWACK_RIVER_fall",2018,3,"Hap2","5"
"80427","CHILLIWACK_RIVER_fall",2018,2,"Hap1","5"
"80427","CHILLIWACK_RIVER_fall",2018,2,"Hap2","7"
"80429","CHILLIWACK_RIVER_fall",2018,2,"Hap1","5"
"80429","CHILLIWACK_RIVER_fall",2018,2,"Hap2","6"
"80433","CHILLIWACK_RIVER_fall",2018,3,"Hap1","7"
"80433","CHILLIWACK_RIVER_fall",2018,3,"Hap2","5"
"80437","CHILLIWACK_RIVER_fall",2018,4,"Hap1","5"
"80437","CHILLIWACK_RIVER_fall",2018,4,"Hap2","7"
"80459","CHILLIWACK_RIVER_fall",2018,2,"Hap1","2"
"80459","CHILLIWACK_RIVER_fall",2018,2,"Hap2","6"
"80466","CHILLIWACK_RIVER_fall",2018,3,"Hap1","5"
"80466","CHILLIWACK_RIVER_fall",2018,3,"Hap2","6"
"80467","CHILLIWACK_RIVER_fall",2018,2,"Hap1","5"
"80467","CHILLIWACK_RIVER_fall",2018,2,"Hap2","5"
"80468","CHILLIWACK_RIVER_fall",2018,2,"Hap1","5"
"80468","CHILLIWACK_RIVER_fall",2018,2,"Hap2","6"
"80472","CHILLIWACK_RIVER_fall",2018,2,"Hap1","5"
"80472","CHILLIWACK_RIVER_fall",2018,2,"Hap2","6"
"80482","CHILLIWACK_RIVER_fall",2018,2,"Hap1","5"
"80482","CHILLIWACK_RIVER_fall",2018,2,"Hap2","7"
"86","PUNTLEDGE_RIVER_fall",2017,4,"Hap1","2"
"86","PUNTLEDGE_RIVER_fall",2017,4,"Hap2","1"
"93607","PUNTLEDGE_RIVER_fall",2020,3,"Hap1","3"
"93607","PUNTLEDGE_RIVER_fall",2020,3,"Hap2","2"
"93615","PUNTLEDGE_RIVER_fall",2020,4,"Hap1","2"
"93615","PUNTLEDGE_RIVER_fall",2020,4,"Hap2","3"
"93616","PUNTLEDGE_RIVER_fall",2020,4,"Hap1","2"
"93616","PUNTLEDGE_RIVER_fall",2020,4,"Hap2","2"
"93632","PUNTLEDGE_RIVER_fall",2020,3,"Hap1","2"
"93632","PUNTLEDGE_RIVER_fall",2020,3,"Hap2","1"
"93663","PUNTLEDGE_RIVER_fall",2020,3,"Hap1","2"
"93663","PUNTLEDGE_RIVER_fall",2020,3,"Hap2","1"
"93668","PUNTLEDGE_RIVER_fall",2020,4,"Hap1","2"
"93668","PUNTLEDGE_RIVER_fall",2020,4,"Hap2","2"
"93673","PUNTLEDGE_RIVER_fall",2020,3,"Hap1","1"
"93673","PUNTLEDGE_RIVER_fall",2020,3,"Hap2","2"
"93681","PUNTLEDGE_RIVER_fall",2020,2,"Hap1","1"
"93681","PUNTLEDGE_RIVER_fall",2020,2,"Hap2","2"
"93685","PUNTLEDGE_RIVER_fall",2020,2,"Hap1","2"
"93685","PUNTLEDGE_RIVER_fall",2020,2,"Hap2","1"
"93698","PUNTLEDGE_RIVER_fall",2020,4,"Hap1","2"
"93698","PUNTLEDGE_RIVER_fall",2020,4,"Hap2","4"
"93703","PUNTLEDGE_RIVER_fall",2020,3,"Hap1","2"
"93703","PUNTLEDGE_RIVER_fall",2020,3,"Hap2","1"
"93710","PUNTLEDGE_RIVER_fall",2020,4,"Hap1","2"
"93710","PUNTLEDGE_RIVER_fall",2020,4,"Hap2","2"
"93716","PUNTLEDGE_RIVER_fall",2020,4,"Hap1","2"
"93716","PUNTLEDGE_RIVER_fall",2020,4,"Hap2","4"
"93727","PUNTLEDGE_RIVER_fall",2020,3,"Hap1","2"
"93727","PUNTLEDGE_RIVER_fall",2020,3,"Hap2","1"
"93729","PUNTLEDGE_RIVER_fall",2020,2,"Hap1","1"
"93729","PUNTLEDGE_RIVER_fall",2020,2,"Hap2","2"
"93738","PUNTLEDGE_RIVER_fall",2020,2,"Hap1","3"
"93738","PUNTLEDGE_RIVER_fall",2020,2,"Hap2","2"
"93741","PUNTLEDGE_RIVER_fall",2020,2,"Hap1","2"
"93741","PUNTLEDGE_RIVER_fall",2020,2,"Hap2","1"
"93742","PUNTLEDGE_RIVER_fall",2020,4,"Hap1","2"
"93742","PUNTLEDGE_RIVER_fall",2020,4,"Hap2","2"
"93753","PUNTLEDGE_RIVER_fall",2020,4,"Hap1","1"
"93753","PUNTLEDGE_RIVER_fall",2020,4,"Hap2","2"
"93756","PUNTLEDGE_RIVER_fall",2020,3,"Hap1","2"
"93756","PUNTLEDGE_RIVER_fall",2020,3,"Hap2","4"
"93761","PUNTLEDGE_RIVER_fall",2020,4,"Hap1","1"
"93761","PUNTLEDGE_RIVER_fall",2020,4,"Hap2","2"
"93773","PUNTLEDGE_RIVER_fall",2020,3,"Hap1","2"
"93773","PUNTLEDGE_RIVER_fall",2020,3,"Hap2","3"
"93778","PUNTLEDGE_RIVER_fall",2020,3,"Hap1","5"
"93778","PUNTLEDGE_RIVER_fall",2020,3,"Hap2","2"
"93793","PUNTLEDGE_RIVER_fall",2020,3,"Hap1","1"
"93793","PUNTLEDGE_RIVER_fall",2020,3,"Hap2","2"
"93794","PUNTLEDGE_RIVER_fall",2020,4,"Hap1","2"
"93794","PUNTLEDGE_RIVER_fall",2020,4,"Hap2","1"
"93813","PUNTLEDGE_RIVER_fall",2020,3,"Hap1","2"
"93813","PUNTLEDGE_RIVER_fall",2020,3,"Hap2","4"
"93827","PUNTLEDGE_RIVER_fall",2020,3,"Hap1","3"
"93827","PUNTLEDGE_RIVER_fall",2020,3,"Hap2","2"
"93865","PUNTLEDGE_RIVER_fall",2020,4,"Hap1","2"
"93865","PUNTLEDGE_RIVER_fall",2020,4,"Hap2","4"
"93869","PUNTLEDGE_RIVER_fall",2020,4,"Hap1","3"
"93869","PUNTLEDGE_RIVER_fall",2020,4,"Hap2","2"
"93871","PUNTLEDGE_RIVER_fall",2020,3,"Hap1","1"
"93871","PUNTLEDGE_RIVER_fall",2020,3,"Hap2","2"
"93892","PUNTLEDGE_RIVER_fall",2020,3,"Hap1","1"
"93892","PUNTLEDGE_RIVER_fall",2020,3,"Hap2","5"
"93895","PUNTLEDGE_RIVER_fall",2020,3,"Hap1","2"
"93895","PUNTLEDGE_RIVER_fall",2020,3,"Hap2","1"
"93903","PUNTLEDGE_RIVER_fall",2020,3,"Hap1","2"
"93903","PUNTLEDGE_RIVER_fall",2020,3,"Hap2","1"
"93934","PUNTLEDGE_RIVER_fall",2020,4,"Hap1","3"
"93934","PUNTLEDGE_RIVER_fall",2020,4,"Hap2","2"
"93935","PUNTLEDGE_RIVER_fall",2020,4,"Hap1","2"
"93935","PUNTLEDGE_RIVER_fall",2020,4,"Hap2","3"
"93960","PUNTLEDGE_RIVER_fall",2020,4,"Hap1","5"
"93960","PUNTLEDGE_RIVER_fall",2020,4,"Hap2","2"
"93968","PUNTLEDGE_RIVER_fall",2020,4,"Hap1","2"
"93968","PUNTLEDGE_RIVER_fall",2020,4,"Hap2","5"
"93983","PUNTLEDGE_RIVER_fall",2020,3,"Hap1","5"
"93983","PUNTLEDGE_RIVER_fall",2020,3,"Hap2","2"
"94012","PUNTLEDGE_RIVER_fall",2020,3,"Hap1","2"
"94012","PUNTLEDGE_RIVER_fall",2020,3,"Hap2","3"
