fishID,exPlate,exConc,broodID,pop,year,age,dilPlate,dilWell,dilConc,action,subPlate,subWell,volDil,volWater,volExt,volWater
71372,TH-Ext-2023-010,169.19,100_2020_71372_M,QUALICUM_RIVER,2020,4,P1,A1,22.12,as-is,P1,A1,10,0,,
71192,TH-Ext-2023-010,165.32,100_2020_71192_M,QUALICUM_RIVER,2020,4,P1,B1,27.23,as-is,P1,B1,10,0,,
71535,TH-Ext-2023-010,146.49,100_2020_71535_M,QUALICUM_RIVER,2020,3,P1,C1,22.97,as-is,P1,C1,10,0,,
219688,TH-Ext-2023-011,144.73,100_2021_219688_M,QUALICUM_RIVER,2021,4,P1,D1,20.93,as-is,P1,D1,10,0,,
71021,TH-Ext-2023-010,141.89,100_2020_71021_M,QUALICUM_RIVER,2020,3,P1,E1,26.25,as-is,P1,E1,10,0,,
71553,TH-Ext-2023-010,138.57,100_2020_71553_M,QUALICUM_RIVER,2020,3,P1,F1,22.12,as-is,P1,F1,10,0,,
93756,TH-Ext-2023-009,136.92,9105_2020_93756_M,PUNTLEDGE_RIVER_fall,2020,3,P1,G1,27.07,as-is,P1,G1,10,0,,
93892,TH-Ext-2023-009,136.38,9105_2020_93892_M,PUNTLEDGE_RIVER_fall,2020,3,P1,H1,24.08,as-is,P1,H1,10,0,,
71288,TH-Ext-2023-010,135.75,100_2020_71288_M,QUALICUM_RIVER,2020,2,P1,A2,19.74,as-is,P1,A2,10,0,,
240213,TH-Ext-2023-011,134.4,9105_2021_240213_M,PUNTLEDGE_RIVER_fall,2021,4,P1,B2,23.41,as-is,P1,B2,10,0,,
240229,TH-Ext-2023-011,132.48,9105_2021_240229_M,PUNTLEDGE_RIVER_fall,2021,2,P1,C2,21.41,as-is,P1,C2,10,0,,
219218,TH-Ext-2023-011,132.02,100_2021_219218_M,QUALICUM_RIVER,2021,4,P1,D2,24.48,as-is,P1,D2,10,0,,
219398,TH-Ext-2023-011,131.21,100_2021_219398_M,QUALICUM_RIVER,2021,4,P1,E2,22.75,as-is,P1,E2,10,0,,
240220,TH-Ext-2023-011,131.14,9105_2021_240220_M,PUNTLEDGE_RIVER_fall,2021,4,P1,F2,23.12,as-is,P1,F2,10,0,,
223764,TH-Ext-2023-010,129.86,9107_2021_223764_M,CHILLIWACK_RIVER_fall,2021,3,P1,G2,20.65,as-is,P1,G2,10,0,,
5866,TH-Ext-2023-006,129.65,100_2018_5866_M,QUALICUM_RIVER,2018,4,P1,H2,20.52,as-is,P1,H2,10,0,,
219416,TH-Ext-2023-011,129.33,100_2021_219416_M,QUALICUM_RIVER,2021,3,P1,B3,20.02,as-is,P1,A3,10,0,,
223361,TH-Ext-2023-010,127.98,9107_2021_223361_M,CHILLIWACK_RIVER_fall,2021,3,P1,C3,23.3,as-is,P1,B3,10,0,,
240248,TH-Ext-2023-011,126.87,9105_2021_240248_M,PUNTLEDGE_RIVER_fall,2021,4,P1,D3,21.96,as-is,P1,C3,10,0,,
240170,TH-Ext-2023-011,125.92,9105_2021_240170_M,PUNTLEDGE_RIVER_fall,2021,4,P1,E3,26.8,as-is,P1,D3,10,0,,
71276,TH-Ext-2023-010,124.73,100_2020_71276_M,QUALICUM_RIVER,2020,3,P1,F3,25.31,as-is,P1,E3,10,0,,
54344,TH-Ext-2023-005,124.42,9105_2017_54344_M,PUNTLEDGE_RIVER_fall,2017,2,P1,G3,22.2,as-is,P1,F3,10,0,,
71421,TH-Ext-2023-010,124.06,100_2020_71421_M,QUALICUM_RIVER,2020,3,P1,H3,25.51,as-is,P1,G3,10,0,,
1233,TH-Ext-2023-006,123.47,9105_2018_1233_M,PUNTLEDGE_RIVER_fall,2018,2,P1,B4,20.48,as-is,P1,H3,10,0,,
1290,TH-Ext-2023-006,122.84,9105_2018_1290_M,PUNTLEDGE_RIVER_fall,2018,4,P1,C4,19.48,as-is,P1,A4,10,0,,
15468,TH-Ext-2023-008,122.71,100_2019_15468_M,QUALICUM_RIVER,2019,2,P1,D4,21.18,as-is,P1,B4,10,0,,
240203,TH-Ext-2023-011,121.15,9105_2021_240203_M,PUNTLEDGE_RIVER_fall,2021,2,P1,E4,23.99,as-is,P1,C4,10,0,,
240133,TH-Ext-2023-011,121.12,9105_2021_240133_M,PUNTLEDGE_RIVER_fall,2021,3,P1,F4,23.9,as-is,P1,D4,10,0,,
70971,TH-Ext-2023-010,120.7,100_2020_70971_M,QUALICUM_RIVER,2020,3,P1,G4,25.07,as-is,P1,E4,10,0,,
219455,TH-Ext-2023-011,120.52,100_2021_219455_M,QUALICUM_RIVER,2021,4,P1,H4,22.43,as-is,P1,F4,10,0,,
70949,TH-Ext-2023-010,120.11,100_2020_70949_M,QUALICUM_RIVER,2020,4,P1,B5,27.13,as-is,P1,G4,10,0,,
219633,TH-Ext-2023-011,119.43,100_2021_219633_M,QUALICUM_RIVER,2021,4,P1,C5,22.64,as-is,P1,H4,10,0,,
223801,TH-Ext-2023-010,119,9107_2021_223801_M,CHILLIWACK_RIVER_fall,2021,3,P1,E5,22.53,as-is,P1,A5,10,0,,
7424,TH-Ext-2023-004,118.41,100_2016_7424_M,QUALICUM_RIVER,2016,2,P1,F5,23.18,as-is,P1,B5,10,0,,
240233,TH-Ext-2023-011,117.1,9105_2021_240233_M,PUNTLEDGE_RIVER_fall,2021,2,P1,G5,24.47,as-is,P1,C5,10,0,,
240155,TH-Ext-2023-011,116.71,9105_2021_240155_M,PUNTLEDGE_RIVER_fall,2021,3,P1,H5,25.17,as-is,P1,D5,10,0,,
5781,TH-Ext-2023-006,116.67,100_2018_5781_M,QUALICUM_RIVER,2018,4,P1,A6,20.01,as-is,P1,E5,10,0,,
71564,TH-Ext-2023-010,116.53,100_2020_71564_M,QUALICUM_RIVER,2020,4,P1,B6,20.22,as-is,P1,F5,10,0,,
240207,TH-Ext-2023-011,116.26,9105_2021_240207_M,PUNTLEDGE_RIVER_fall,2021,2,P1,C6,26.32,as-is,P1,G5,10,0,,
219522,TH-Ext-2023-011,116.19,100_2021_219522_M,QUALICUM_RIVER,2021,3,P1,D6,22.1,as-is,P1,H5,10,0,,
219384,TH-Ext-2023-011,115.65,100_2021_219384_M,QUALICUM_RIVER,2021,4,P1,F6,21.42,as-is,P1,A6,10,0,,
54363,TH-Ext-2023-005,115.48,9105_2017_54363_M,PUNTLEDGE_RIVER_fall,2017,2,P1,G6,21.51,as-is,P1,B6,10,0,,
240407,TH-Ext-2023-011,115.3,9105_2021_240407_M,PUNTLEDGE_RIVER_fall,2021,3,P1,H6,22.75,as-is,P1,C6,10,0,,
54364,TH-Ext-2023-005,115.29,9105_2017_54364_M,PUNTLEDGE_RIVER_fall,2017,2,P1,A7,16.75,as-is,P1,D6,10,0,,
219624,TH-Ext-2023-011,115.05,100_2021_219624_M,QUALICUM_RIVER,2021,3,P1,B7,21.61,as-is,P1,E6,10,0,,
6004,TH-Ext-2023-006,113.08,100_2018_6004_M,QUALICUM_RIVER,2018,3,P1,C7,20.47,as-is,P1,F6,10,0,,
1346,TH-Ext-2023-006,112.91,9105_2018_1346_M,PUNTLEDGE_RIVER_fall,2018,3,P1,D7,19.25,as-is,P1,G6,10,0,,
240206,TH-Ext-2023-011,112.63,9105_2021_240206_M,PUNTLEDGE_RIVER_fall,2021,2,P1,E7,26.66,as-is,P1,H6,10,0,,
240425,TH-Ext-2023-011,112.25,9105_2021_240425_M,PUNTLEDGE_RIVER_fall,2021,2,P1,F7,21.95,as-is,P1,A7,10,0,,
7422,TH-Ext-2023-004,111.99,100_2016_7422_M,QUALICUM_RIVER,2016,2,P1,G7,22.81,as-is,P1,B7,10,0,,
223686,TH-Ext-2023-010,110.98,9107_2021_223686_M,CHILLIWACK_RIVER_fall,2021,2,P1,H7,23.92,as-is,P1,C7,10,0,,
219279,TH-Ext-2023-011,110.96,100_2021_219279_M,QUALICUM_RIVER,2021,4,P1,A8,19.37,as-is,P1,D7,10,0,,
71304,TH-Ext-2023-010,110.92,100_2020_71304_M,QUALICUM_RIVER,2020,3,P1,B8,19.95,as-is,P1,E7,10,0,,
5838,TH-Ext-2023-005,110.84,100_2017_5838_M,QUALICUM_RIVER,2017,3,P1,C8,17.95,as-is,P1,F7,10,0,,
240310,TH-Ext-2023-011,110.62,9105_2021_240310_M,PUNTLEDGE_RIVER_fall,2021,2,P1,D8,23,as-is,P1,G7,10,0,,
93793,TH-Ext-2023-009,110.51,9105_2020_93793_M,PUNTLEDGE_RIVER_fall,2020,3,P1,E8,21.63,as-is,P1,H7,10,0,,
6074,TH-Ext-2023-007,110.38,100_2018_6074_M,QUALICUM_RIVER,2018,3,P1,F8,23.37,as-is,P1,A8,10,0,,
223803,TH-Ext-2023-010,108.21,9107_2021_223803_M,CHILLIWACK_RIVER_fall,2021,3,P1,G8,23.9,as-is,P1,B8,10,0,,
219568,TH-Ext-2023-011,107.59,100_2021_219568_M,QUALICUM_RIVER,2021,4,P1,H8,20.31,as-is,P1,C8,10,0,,
219283,TH-Ext-2023-011,107.59,100_2021_219283_M,QUALICUM_RIVER,2021,4,P1,A9,18.58,as-is,P1,D8,10,0,,
240030,TH-Ext-2023-010,107.56,9105_2021_240030_M,PUNTLEDGE_RIVER_fall,2021,3,P1,B9,18.42,as-is,P1,E8,10,0,,
240236,TH-Ext-2023-011,106.89,9105_2021_240236_M,PUNTLEDGE_RIVER_fall,2021,2,P1,C9,23.92,as-is,P1,F8,10,0,,
5759,TH-Ext-2023-004,106.78,100_2016_5759_M,QUALICUM_RIVER,2016,3,P1,D9,21.38,as-is,P1,G8,10,0,,
240363,TH-Ext-2023-011,106.22,9105_2021_240363_M,PUNTLEDGE_RIVER_fall,2021,2,P1,E9,24.68,as-is,P1,H8,10,0,,
223016,TH-Ext-2023-010,105.68,9107_2021_223016_M,CHILLIWACK_RIVER_fall,2021,4,P1,F9,23.88,as-is,P1,A9,10,0,,
240221,TH-Ext-2023-011,104.71,9105_2021_240221_M,PUNTLEDGE_RIVER_fall,2021,4,P1,H9,23.08,as-is,P1,B9,10,0,,
18483,TH-Ext-2023-004,104.43,9107_2017_18483_M,CHILLIWACK_RIVER_fall,2017,2,P1,A10,17.11,as-is,P1,C9,10,0,,
223320,TH-Ext-2023-010,104.25,9107_2021_223320_M,CHILLIWACK_RIVER_fall,2021,3,P1,B10,17.23,as-is,P1,D9,10,0,,
223700,TH-Ext-2023-010,103.55,9107_2021_223700_M,CHILLIWACK_RIVER_fall,2021,4,P1,C10,20.67,as-is,P1,E9,10,0,,
7438,TH-Ext-2023-004,101.7,100_2016_7438_M,QUALICUM_RIVER,2016,2,P1,D10,17.16,as-is,P1,F9,10,0,,
71080,TH-Ext-2023-010,101.69,100_2020_71080_M,QUALICUM_RIVER,2020,3,P1,E10,28.75,as-is,P1,G9,10,0,,
71308,TH-Ext-2023-010,101.61,100_2020_71308_M,QUALICUM_RIVER,2020,4,P1,F10,24.57,as-is,P1,H9,10,0,,
71293,TH-Ext-2023-010,101.03,100_2020_71293_M,QUALICUM_RIVER,2020,3,P1,G10,27.29,as-is,P1,A10,10,0,,
80437,TH-Ext-2023-006,100.51,9107_2018_80437_M,CHILLIWACK_RIVER_fall,2018,4,P1,A11,24.38,as-is,P1,B10,10,0,,
223768,TH-Ext-2023-010,100.44,9107_2021_223768_M,CHILLIWACK_RIVER_fall,2021,2,P1,B11,26.89,as-is,P1,C10,10,0,,
240018,TH-Ext-2023-010,100.28,9105_2021_240018_M,PUNTLEDGE_RIVER_fall,2021,4,P1,C11,28.23,as-is,P1,D10,10,0,,
223181,TH-Ext-2023-010,100.15,9107_2021_223181_M,CHILLIWACK_RIVER_fall,2021,3,P1,D11,25.44,as-is,P1,E10,10,0,,
93710,TH-Ext-2023-009,99.38,9105_2020_93710_M,PUNTLEDGE_RIVER_fall,2020,4,P1,E11,25.87,as-is,P1,F10,10,0,,
19795,TH-Ext-2023-007,98.51,9107_2019_19795_M,CHILLIWACK_RIVER_fall,2019,3,P1,F11,24.82,as-is,P1,G10,10,0,,
240115,TH-Ext-2023-011,98.27,9105_2021_240115_M,PUNTLEDGE_RIVER_fall,2021,3,P1,G11,27.35,as-is,P1,H10,10,0,,
240005,TH-Ext-2023-010,98.17,9105_2021_240005_M,PUNTLEDGE_RIVER_fall,2021,3,P1,H11,25.89,as-is,P1,A11,10,0,,
223734,TH-Ext-2023-010,97.83,9107_2021_223734_M,CHILLIWACK_RIVER_fall,2021,4,P1,A12,22.67,as-is,P1,B11,10,0,,
15925,TH-Ext-2023-008,97.79,100_2019_15925_M,QUALICUM_RIVER,2019,2,P1,B12,23.31,as-is,P1,C11,10,0,,
240230,TH-Ext-2023-011,97.74,9105_2021_240230_M,PUNTLEDGE_RIVER_fall,2021,2,P1,C12,26.83,as-is,P1,D11,10,0,,
240295,TH-Ext-2023-011,97.62,9105_2021_240295_M,PUNTLEDGE_RIVER_fall,2021,4,P1,E12,26.01,as-is,P1,E11,10,0,,
219368,TH-Ext-2023-011,97.36,100_2021_219368_M,QUALICUM_RIVER,2021,4,P1,F12,24.61,as-is,P1,F11,10,0,,
219532,TH-Ext-2023-011,97.23,100_2021_219532_M,QUALICUM_RIVER,2021,4,P1,G12,26.9,as-is,P1,G11,10,0,,
71018,TH-Ext-2023-010,96.43,100_2020_71018_M,QUALICUM_RIVER,2020,3,P1,H12,27.47,as-is,P1,H11,10,0,,
18288,TH-Ext-2023-006,96.42,9107_2018_18288_M,CHILLIWACK_RIVER_fall,2018,3,P2,A1,23.36,as-is,P1,A12,10,0,,
5724,TH-Ext-2023-006,95.73,100_2018_5724_M,QUALICUM_RIVER,2018,4,P2,C1,23.33,as-is,P1,B12,10,0,,
71135,TH-Ext-2023-010,95.38,100_2020_71135_M,QUALICUM_RIVER,2020,3,P2,D1,25.25,as-is,P1,C12,10,0,,
223818,TH-Ext-2023-010,95.36,9107_2021_223818_M,CHILLIWACK_RIVER_fall,2021,2,P2,E1,25.19,as-is,P1,D12,10,0,,
71437,TH-Ext-2023-010,94.48,100_2020_71437_M,QUALICUM_RIVER,2020,3,P2,G1,28.57,as-is,P1,E12,10,0,,
240380,TH-Ext-2023-011,94.23,9105_2021_240380_M,PUNTLEDGE_RIVER_fall,2021,3,P2,H1,25.14,as-is,P1,F12,10,0,,
223805,TH-Ext-2023-010,94.08,9107_2021_223805_M,CHILLIWACK_RIVER_fall,2021,2,P2,A2,23.23,as-is,P1,G12,10,0,,
18278,TH-Ext-2023-004,93.81,9107_2017_18278_M,CHILLIWACK_RIVER_fall,2017,3,P2,B2,19.38,as-is,P1,H12,10,0,,
240367,TH-Ext-2023-011,93.73,9105_2021_240367_M,PUNTLEDGE_RIVER_fall,2021,3,P2,C2,24.04,as-is,P2,A1,10,0,,
5752,TH-Ext-2023-004,93.26,100_2016_5752_M,QUALICUM_RIVER,2016,2,P2,D2,25.54,as-is,P2,B1,10,0,,
93859,TH-Ext-2023-009,93.1,9105_2020_93859_M,PUNTLEDGE_RIVER_fall,2020,3,P2,E2,22.3,as-is,P2,C1,10,0,,
223011,TH-Ext-2023-010,92.62,9107_2021_223011_M,CHILLIWACK_RIVER_fall,2021,4,P2,F2,24.31,as-is,P2,D1,10,0,,
18102,TH-Ext-2023-004,92.44,9107_2017_18102_M,CHILLIWACK_RIVER_fall,2017,3,P2,G2,20.02,as-is,P2,E1,10,0,,
219302,TH-Ext-2023-011,91.97,100_2021_219302_M,QUALICUM_RIVER,2021,3,P2,H2,23.56,as-is,P2,F1,10,0,,
223625,TH-Ext-2023-010,91.86,9107_2021_223625_M,CHILLIWACK_RIVER_fall,2021,3,P2,A3,19.64,as-is,P2,G1,10,0,,
71393,TH-Ext-2023-010,91.71,100_2020_71393_M,QUALICUM_RIVER,2020,3,P2,B3,26.59,as-is,P2,H1,10,0,,
240231,TH-Ext-2023-011,91.64,9105_2021_240231_M,PUNTLEDGE_RIVER_fall,2021,2,P2,C3,23.71,as-is,P2,A2,10,0,,
240406,TH-Ext-2023-011,91.64,9105_2021_240406_M,PUNTLEDGE_RIVER_fall,2021,3,P2,D3,23.31,as-is,P2,B2,10,0,,
221453,TH-Ext-2023-010,91.48,9107_2021_221453_M,CHILLIWACK_RIVER_fall,2021,3,P2,F3,29.06,as-is,P2,C2,10,0,,
219348,TH-Ext-2023-011,91.28,100_2021_219348_M,QUALICUM_RIVER,2021,4,P2,G3,26.32,as-is,P2,D2,10,0,,
25214,TH-Ext-2023-008,91.07,9105_2019_25214_M,PUNTLEDGE_RIVER_fall,2019,4,P2,A4,23.39,as-is,P2,E2,10,0,,
18159,TH-Ext-2023-004,91.03,9107_2017_18159_M,CHILLIWACK_RIVER_fall,2017,3,P2,B4,20.38,as-is,P2,F2,10,0,,
1275,TH-Ext-2023-006,90.77,9105_2018_1275_M,PUNTLEDGE_RIVER_fall,2018,3,P2,C4,22.81,as-is,P2,G2,10,0,,
240294,TH-Ext-2023-011,90.33,9105_2021_240294_M,PUNTLEDGE_RIVER_fall,2021,4,P2,E4,21.39,as-is,P2,H2,10,0,,
1394,TH-Ext-2023-006,89.5,9105_2018_1394_M,PUNTLEDGE_RIVER_fall,2018,3,P2,G4,22.09,as-is,P2,A3,10,0,,
223707,TH-Ext-2023-010,89.22,9107_2021_223707_M,CHILLIWACK_RIVER_fall,2021,3,P2,A5,19.41,as-is,P2,B3,10,0,,
219583,TH-Ext-2023-011,88.94,100_2021_219583_M,QUALICUM_RIVER,2021,4,P2,B5,21.78,as-is,P2,C3,10,0,,
219374,TH-Ext-2023-011,88.93,100_2021_219374_M,QUALICUM_RIVER,2021,3,P2,C5,22.84,as-is,P2,D3,10,0,,
240416,TH-Ext-2023-011,88.39,9105_2021_240416_M,PUNTLEDGE_RIVER_fall,2021,3,P2,D5,21.2,as-is,P2,E3,10,0,,
18147,TH-Ext-2023-006,87.95,9107_2018_18147_M,CHILLIWACK_RIVER_fall,2018,3,P2,E5,24,as-is,P2,F3,10,0,,
219479,TH-Ext-2023-011,87.72,100_2021_219479_M,QUALICUM_RIVER,2021,3,P2,F5,21.49,as-is,P2,G3,10,0,,
240387,TH-Ext-2023-011,87.63,9105_2021_240387_M,PUNTLEDGE_RIVER_fall,2021,2,P2,G5,25.37,as-is,P2,H3,10,0,,
70984,TH-Ext-2023-010,87.45,100_2020_70984_M,QUALICUM_RIVER,2020,4,P2,H5,27.93,as-is,P2,A4,10,0,,
240210,TH-Ext-2023-011,87.13,9105_2021_240210_M,PUNTLEDGE_RIVER_fall,2021,2,P2,B6,25.83,as-is,P2,B4,10,0,,
93935,TH-Ext-2023-009,86.99,9105_2020_93935_M,PUNTLEDGE_RIVER_fall,2020,4,P2,C6,22.84,as-is,P2,C4,10,0,,
240214,TH-Ext-2023-011,86.7,9105_2021_240214_M,PUNTLEDGE_RIVER_fall,2021,4,P2,E6,24.65,as-is,P2,D4,10,0,,
240171,TH-Ext-2023-011,86.48,9105_2021_240171_M,PUNTLEDGE_RIVER_fall,2021,4,P2,F6,24.98,as-is,P2,E4,10,0,,
18295,TH-Ext-2023-006,86.37,9107_2018_18295_M,CHILLIWACK_RIVER_fall,2018,2,P2,G6,24.55,as-is,P2,F4,10,0,,
240440,TH-Ext-2023-011,85.89,9105_2021_240440_M,PUNTLEDGE_RIVER_fall,2021,4,P2,A7,24.26,as-is,P2,G4,10,0,,
5779,TH-Ext-2023-007,85.85,100_2018_5779_M,QUALICUM_RIVER,2018,3,P2,B7,25.4,as-is,P2,H4,10,0,,
18296,TH-Ext-2023-004,85.63,9107_2017_18296_M,CHILLIWACK_RIVER_fall,2017,4,P2,D7,20.29,as-is,P2,A5,10,0,,
240195,TH-Ext-2023-011,83.74,9105_2021_240195_M,PUNTLEDGE_RIVER_fall,2021,4,P2,E7,27.8,as-is,P2,B5,10,0,,
223315,TH-Ext-2023-010,83.71,9107_2021_223315_M,CHILLIWACK_RIVER_fall,2021,4,P2,F7,21.88,as-is,P2,C5,10,0,,
5791,TH-Ext-2023-005,83.68,100_2017_5791_M,QUALICUM_RIVER,2017,4,P2,G7,21.72,as-is,P2,D5,10,0,,
51662,TH-Ext-2023-004,83.2,9107_2017_51662_M,CHILLIWACK_RIVER_fall,2017,4,P2,A8,20.82,as-is,P2,E5,10,0,,
51864,TH-Ext-2023-005,82.88,9107_2017_51864_M,CHILLIWACK_RIVER_fall,2017,2,P2,B8,22.17,as-is,P2,F5,10,0,,
15829,TH-Ext-2023-008,82.56,100_2019_15829_M,QUALICUM_RIVER,2019,3,P2,C8,21.47,as-is,P2,G5,10,0,,
1001,TH-Ext-2023-006,82.33,9105_2018_1001_M,PUNTLEDGE_RIVER_fall,2018,4,P2,D8,24.2,as-is,P2,H5,10,0,,
50210,TH-Ext-2023-006,82.26,100_2018_50210_M,QUALICUM_RIVER,2018,3,P2,E8,22.6,as-is,P2,A6,10,0,,
18277,TH-Ext-2023-004,82.23,9107_2017_18277_M,CHILLIWACK_RIVER_fall,2017,3,P2,F8,20.26,as-is,P2,B6,10,0,,
71399,TH-Ext-2023-010,82.1,100_2020_71399_M,QUALICUM_RIVER,2020,3,P2,G8,25.32,as-is,P2,C6,10,0,,
240208,TH-Ext-2023-011,81.68,9105_2021_240208_M,PUNTLEDGE_RIVER_fall,2021,2,P2,A9,22.9,as-is,P2,D6,10,0,,
18239,TH-Ext-2023-006,81.58,9107_2018_18239_M,CHILLIWACK_RIVER_fall,2018,4,P2,B9,26.16,as-is,P2,E6,10,0,,
70917,TH-Ext-2023-010,81.48,100_2020_70917_M,QUALICUM_RIVER,2020,3,P2,C9,28.37,as-is,P2,F6,10,0,,
18342,TH-Ext-2023-006,80.87,9107_2018_18342_M,CHILLIWACK_RIVER_fall,2018,3,P2,D9,27.93,as-is,P2,G6,10,0,,
76546,TH-Ext-2023-009,80.53,9107_2020_76546_M,CHILLIWACK_RIVER_fall,2020,3,P2,E9,27.6,as-is,P2,H6,10,0,,
51650,TH-Ext-2023-004,80.51,9107_2017_51650_M,CHILLIWACK_RIVER_fall,2017,3,P2,F9,23.38,as-is,P2,A7,10,0,,
223454,TH-Ext-2023-010,80.32,9107_2021_223454_M,CHILLIWACK_RIVER_fall,2021,4,P2,G9,26.55,as-is,P2,B7,10,0,,
80429,TH-Ext-2023-006,80.12,9107_2018_80429_M,CHILLIWACK_RIVER_fall,2018,2,P2,H9,22.66,as-is,P2,C7,10,0,,
40579,TH-Ext-2023-007,79.89,9107_2019_40579_M,CHILLIWACK_RIVER_fall,2019,2,P2,A10,24.34,as-is,P2,D7,10,0,,
219896,TH-Ext-2023-012,79.86,100_2021_219896_M,QUALICUM_RIVER,2021,4,P2,B10,16.41,as-is,P2,E7,10,0,,
6434,TH-Ext-2023-005,79.84,100_2017_6434_M,QUALICUM_RIVER,2017,4,P2,C10,22.44,as-is,P2,F7,10,0,,
18489,TH-Ext-2023-006,79.82,9107_2018_18489_M,CHILLIWACK_RIVER_fall,2018,4,P2,D10,22.45,as-is,P2,G7,10,0,,
223280,TH-Ext-2023-010,79.44,9107_2021_223280_M,CHILLIWACK_RIVER_fall,2021,4,P2,E10,24,as-is,P2,H7,10,0,,
93742,TH-Ext-2023-009,79.21,9105_2020_93742_M,PUNTLEDGE_RIVER_fall,2020,4,P2,F10,23.31,as-is,P2,A8,10,0,,
223677,TH-Ext-2023-010,79.12,9107_2021_223677_M,CHILLIWACK_RIVER_fall,2021,3,P2,G10,24.65,as-is,P2,B8,10,0,,
1392,TH-Ext-2023-005,78.86,9105_2017_1392_M,PUNTLEDGE_RIVER_fall,2017,4,P2,H10,20.47,as-is,P2,C8,10,0,,
223393,TH-Ext-2023-010,78.59,9107_2021_223393_M,CHILLIWACK_RIVER_fall,2021,3,P2,A11,21.69,as-is,P2,D8,10,0,,
71118,TH-Ext-2023-010,78.2,100_2020_71118_M,QUALICUM_RIVER,2020,3,P2,B11,27.64,as-is,P2,E8,10,0,,
240424,TH-Ext-2023-011,77.92,9105_2021_240424_M,PUNTLEDGE_RIVER_fall,2021,2,P2,C11,21.65,as-is,P2,F8,10,0,,
18354,TH-Ext-2023-006,77.82,9107_2018_18354_M,CHILLIWACK_RIVER_fall,2018,3,P2,D11,25.44,as-is,P2,G8,10,0,,
70963,TH-Ext-2023-010,77.51,100_2020_70963_M,QUALICUM_RIVER,2020,3,P2,F11,28.71,as-is,P2,H8,10,0,,
93983,TH-Ext-2023-009,77.23,9105_2020_93983_M,PUNTLEDGE_RIVER_fall,2020,3,P2,G11,24.44,as-is,P2,A9,10,0,,
219707,TH-Ext-2023-011,76.88,100_2021_219707_M,QUALICUM_RIVER,2021,3,P2,H11,26,as-is,P2,B9,10,0,,
219615,TH-Ext-2023-011,76.87,100_2021_219615_M,QUALICUM_RIVER,2021,3,P2,A12,21.82,as-is,P2,C9,10,0,,
93716,TH-Ext-2023-009,76.58,9105_2020_93716_M,PUNTLEDGE_RIVER_fall,2020,4,P2,B12,23.89,as-is,P2,D9,10,0,,
223298,TH-Ext-2023-010,76.55,9107_2021_223298_M,CHILLIWACK_RIVER_fall,2021,2,P2,C12,24.39,as-is,P2,E9,10,0,,
54356,TH-Ext-2023-005,76.54,9105_2017_54356_M,PUNTLEDGE_RIVER_fall,2017,2,P2,D12,22.38,as-is,P2,F9,10,0,,
219233,TH-Ext-2023-011,76.43,100_2021_219233_M,QUALICUM_RIVER,2021,4,P2,E12,24.02,as-is,P2,G9,10,0,,
62,TH-Ext-2023-005,76.39,9105_2017_62_M,PUNTLEDGE_RIVER_fall,2017,4,P2,F12,26.39,as-is,P2,H9,10,0,,
223692,TH-Ext-2023-010,76.14,9107_2021_223692_M,CHILLIWACK_RIVER_fall,2021,3,P2,G12,25.65,as-is,P2,A10,10,0,,
7418,TH-Ext-2023-004,76.07,100_2016_7418_M,QUALICUM_RIVER,2016,2,P2,H12,27.28,as-is,P2,B10,10,0,,
1219,TH-Ext-2023-006,75.54,9105_2018_1219_M,PUNTLEDGE_RIVER_fall,2018,4,P3,B1,21.8,as-is,P2,C10,10,0,,
18111,TH-Ext-2023-004,75.46,9107_2017_18111_M,CHILLIWACK_RIVER_fall,2017,4,P3,C1,21.73,as-is,P2,D10,10,0,,
93681,TH-Ext-2023-009,75.45,9105_2020_93681_M,PUNTLEDGE_RIVER_fall,2020,2,P3,D1,24.67,as-is,P2,E10,10,0,,
1390,TH-Ext-2023-005,75.04,9105_2017_1390_M,PUNTLEDGE_RIVER_fall,2017,3,P3,F1,20.89,as-is,P2,F10,10,0,,
93865,TH-Ext-2023-009,74.98,9105_2020_93865_M,PUNTLEDGE_RIVER_fall,2020,4,P3,G1,23.79,as-is,P2,G10,10,0,,
223265,TH-Ext-2023-010,74.96,9107_2021_223265_M,CHILLIWACK_RIVER_fall,2021,4,P3,H1,25.98,as-is,P2,H10,10,0,,
51890,TH-Ext-2023-004,74.73,9107_2017_51890_M,CHILLIWACK_RIVER_fall,2017,2,P3,A2,20.15,as-is,P2,A11,10,0,,
223526,TH-Ext-2023-010,74.07,9107_2021_223526_M,CHILLIWACK_RIVER_fall,2021,3,P3,B2,20.41,as-is,P2,B11,10,0,,
93668,TH-Ext-2023-009,73.97,9105_2020_93668_M,PUNTLEDGE_RIVER_fall,2020,4,P3,C2,22.2,as-is,P2,C11,10,0,,
240443,TH-Ext-2023-011,73.9,9105_2021_240443_M,PUNTLEDGE_RIVER_fall,2021,3,P3,D2,18.6,as-is,P2,D11,10,0,,
54348,TH-Ext-2023-005,73.86,9105_2017_54348_M,PUNTLEDGE_RIVER_fall,2017,2,P3,E2,18.6,as-is,P2,E11,10,0,,
240132,TH-Ext-2023-011,73.8,9105_2021_240132_M,PUNTLEDGE_RIVER_fall,2021,4,P3,F2,25.5,as-is,P2,F11,10,0,,
19355,TH-Ext-2023-007,73.79,9107_2019_19355_M,CHILLIWACK_RIVER_fall,2019,4,P3,G2,22.83,as-is,P2,G11,10,0,,
5602,TH-Ext-2023-005,73.64,100_2017_5602_M,QUALICUM_RIVER,2017,3,P3,H2,22.07,as-is,P2,H11,10,0,,
93738,TH-Ext-2023-009,73.5,9105_2020_93738_M,PUNTLEDGE_RIVER_fall,2020,2,P3,A3,23.13,as-is,P2,A12,10,0,,
18201,TH-Ext-2023-006,73.45,9107_2018_18201_M,CHILLIWACK_RIVER_fall,2018,3,P3,B3,28.98,as-is,P2,B12,10,0,,
223394,TH-Ext-2023-010,73.12,9107_2021_223394_M,CHILLIWACK_RIVER_fall,2021,3,P3,C3,21.92,as-is,P2,C12,10,0,,
223390,TH-Ext-2023-010,72.98,9107_2021_223390_M,CHILLIWACK_RIVER_fall,2021,3,P3,D3,20.15,as-is,P2,D12,10,0,,
1023,TH-Ext-2023-006,72.91,9105_2018_1023_M,PUNTLEDGE_RIVER_fall,2018,3,P3,E3,24.09,as-is,P2,E12,10,0,,
18340,TH-Ext-2023-006,72.86,9107_2018_18340_M,CHILLIWACK_RIVER_fall,2018,4,P3,F3,22.28,as-is,P2,F12,10,0,,
5606,TH-Ext-2023-005,72.85,100_2017_5606_M,QUALICUM_RIVER,2017,3,P3,H3,23.76,as-is,P2,G12,10,0,,
19490,TH-Ext-2023-007,72.69,9107_2019_19490_M,CHILLIWACK_RIVER_fall,2019,2,P3,A4,21.96,as-is,P2,H12,10,0,,
219864,TH-Ext-2023-012,72.64,100_2021_219864_M,QUALICUM_RIVER,2021,3,P3,B4,20.83,as-is,P3,A1,10,0,,
240383,TH-Ext-2023-011,72.61,9105_2021_240383_M,PUNTLEDGE_RIVER_fall,2021,3,P3,C4,20.9,as-is,P3,B1,10,0,,
221447,TH-Ext-2023-010,72.59,9107_2021_221447_M,CHILLIWACK_RIVER_fall,2021,2,P3,D4,22.29,as-is,P3,C1,10,0,,
1247,TH-Ext-2023-006,72.48,9105_2018_1247_M,PUNTLEDGE_RIVER_fall,2018,2,P3,E4,21.56,as-is,P3,D1,10,0,,
5950,TH-Ext-2023-006,72.42,100_2018_5950_M,QUALICUM_RIVER,2018,4,P3,F4,22.39,as-is,P3,E1,10,0,,
71082,TH-Ext-2023-010,72.26,100_2020_71082_M,QUALICUM_RIVER,2020,4,P3,G4,23.1,as-is,P3,F1,10,0,,
223278,TH-Ext-2023-010,72.09,9107_2021_223278_M,CHILLIWACK_RIVER_fall,2021,2,P3,H4,23.28,as-is,P3,G1,10,0,,
221541,TH-Ext-2023-010,72.01,9107_2021_221541_M,CHILLIWACK_RIVER_fall,2021,4,P3,B5,23.24,as-is,P3,H1,10,0,,
223328,TH-Ext-2023-010,71.81,9107_2021_223328_M,CHILLIWACK_RIVER_fall,2021,3,P3,F5,19.98,as-is,P3,A2,10,0,,
219297,TH-Ext-2023-011,71.64,100_2021_219297_M,QUALICUM_RIVER,2021,4,P3,H5,20.06,as-is,P3,B2,10,0,,
6347,TH-Ext-2023-007,71.48,100_2018_6347_M,QUALICUM_RIVER,2018,3,P3,A6,23.75,as-is,P3,C2,10,0,,
5726,TH-Ext-2023-005,71.42,100_2017_5726_M,QUALICUM_RIVER,2017,3,P3,B6,18.89,as-is,P3,D2,10,0,,
51842,TH-Ext-2023-004,71.24,9107_2017_51842_M,CHILLIWACK_RIVER_fall,2017,2,P3,C6,17.88,as-is,P3,E2,10,0,,
5842,TH-Ext-2023-004,71.13,100_2016_5842_M,QUALICUM_RIVER,2016,2,P3,D6,19.83,as-is,P3,F2,10,0,,
18256,TH-Ext-2023-006,71.05,9107_2018_18256_M,CHILLIWACK_RIVER_fall,2018,3,P3,E6,19.79,as-is,P3,G2,10,0,,
223845,TH-Ext-2023-010,71.02,9107_2021_223845_M,CHILLIWACK_RIVER_fall,2021,2,P3,F6,23.61,as-is,P3,H2,10,0,,
240405,TH-Ext-2023-011,70.9,9105_2021_240405_M,PUNTLEDGE_RIVER_fall,2021,3,P3,G6,26.74,as-is,P3,A3,10,0,,
219895,TH-Ext-2023-012,70.82,100_2021_219895_M,QUALICUM_RIVER,2021,5,P3,H6,17.64,as-is,P3,B3,10,0,,
6312,TH-Ext-2023-007,70.65,100_2018_6312_M,QUALICUM_RIVER,2018,3,P3,A7,22.57,as-is,P3,C3,10,0,,
93778,TH-Ext-2023-009,70.35,9105_2020_93778_M,PUNTLEDGE_RIVER_fall,2020,3,P3,C7,16.97,as-is,P3,D3,10,0,,
6469,TH-Ext-2023-005,70.32,100_2017_6469_M,QUALICUM_RIVER,2017,2,P3,D7,16.46,as-is,P3,E3,10,0,,
223261,TH-Ext-2023-010,70.29,9107_2021_223261_M,CHILLIWACK_RIVER_fall,2021,2,P3,E7,18.22,as-is,P3,F3,10,0,,
6145,TH-Ext-2023-007,70.04,100_2018_6145_M,QUALICUM_RIVER,2018,3,P3,G7,21.59,as-is,P3,G3,10,0,,
1325,TH-Ext-2023-005,69.73,9105_2017_1325_M,PUNTLEDGE_RIVER_fall,2017,3,P3,H7,17.52,as-is,P3,H3,10,0,,
18125,TH-Ext-2023-004,69.32,9107_2017_18125_M,CHILLIWACK_RIVER_fall,2017,3,P3,A8,18.37,as-is,P3,A4,10,0,,
1121,TH-Ext-2023-005,69.15,9105_2017_1121_M,PUNTLEDGE_RIVER_fall,2017,3,P3,B8,21.18,as-is,P3,B4,10,0,,
219469,TH-Ext-2023-011,69.04,100_2021_219469_M,QUALICUM_RIVER,2021,3,P3,C8,16.61,as-is,P3,C4,10,0,,
93761,TH-Ext-2023-009,68.48,9105_2020_93761_M,PUNTLEDGE_RIVER_fall,2020,4,P3,D8,20.56,as-is,P3,D4,10,0,,
223723,TH-Ext-2023-010,68.27,9107_2021_223723_M,CHILLIWACK_RIVER_fall,2021,2,P3,F8,20.26,as-is,P3,E4,10,0,,
219360,TH-Ext-2023-011,68.21,100_2021_219360_M,QUALICUM_RIVER,2021,3,P3,G8,19.49,as-is,P3,F4,10,0,,
54346,TH-Ext-2023-005,68.06,9105_2017_54346_M,PUNTLEDGE_RIVER_fall,2017,2,P3,H8,24.84,as-is,P3,G4,10,0,,
40514,TH-Ext-2023-007,67.8,9107_2019_40514_M,CHILLIWACK_RIVER_fall,2019,3,P3,A9,23.52,as-is,P3,H4,10,0,,
93703,TH-Ext-2023-009,67.74,9105_2020_93703_M,PUNTLEDGE_RIVER_fall,2020,3,P3,B9,20.64,as-is,P3,A5,10,0,,
223434,TH-Ext-2023-010,67.55,9107_2021_223434_M,CHILLIWACK_RIVER_fall,2021,4,P3,C9,25.48,as-is,P3,B5,10,0,,
5605,TH-Ext-2023-005,67.26,100_2017_5605_M,QUALICUM_RIVER,2017,3,P3,E9,26.64,as-is,P3,C5,10,0,,
240182,TH-Ext-2023-011,67.23,9105_2021_240182_M,PUNTLEDGE_RIVER_fall,2021,3,P3,F9,26.76,as-is,P3,D5,10,0,,
240228,TH-Ext-2023-011,67.12,9105_2021_240228_M,PUNTLEDGE_RIVER_fall,2021,2,P3,G9,21.71,as-is,P3,E5,10,0,,
54433,TH-Ext-2023-005,66.68,9105_2017_54433_M,PUNTLEDGE_RIVER_fall,2017,2,P3,A10,26.6,as-is,P3,F5,10,0,,
219459,TH-Ext-2023-011,66.49,100_2021_219459_M,QUALICUM_RIVER,2021,3,P3,B10,16.9,as-is,P3,G5,10,0,,
7447,TH-Ext-2023-004,66.4,100_2016_7447_M,QUALICUM_RIVER,2016,2,P3,C10,18.07,as-is,P3,H5,10,0,,
7412,TH-Ext-2023-004,66.29,100_2016_7412_M,QUALICUM_RIVER,2016,2,P3,D10,17.89,as-is,P3,A6,10,0,,
18193,TH-Ext-2023-006,66.24,9107_2018_18193_M,CHILLIWACK_RIVER_fall,2018,2,P3,E10,21.98,as-is,P3,B6,10,0,,
54371,TH-Ext-2023-005,66.09,9105_2017_54371_M,PUNTLEDGE_RIVER_fall,2017,2,P3,G10,23.94,as-is,P3,C6,10,0,,
54427,TH-Ext-2023-005,66.09,9105_2017_54427_M,PUNTLEDGE_RIVER_fall,2017,2,P3,H10,20.81,as-is,P3,D6,10,0,,
18460,TH-Ext-2023-006,65.99,9107_2018_18460_M,CHILLIWACK_RIVER_fall,2018,2,P3,A11,19.9,as-is,P3,E6,10,0,,
25555,TH-Ext-2023-008,65.9,9105_2019_25555_M,PUNTLEDGE_RIVER_fall,2019,3,P3,B11,21.77,as-is,P3,F6,10,0,,
5626,TH-Ext-2023-004,65.88,100_2016_5626_M,QUALICUM_RIVER,2016,2,P3,C11,24.09,as-is,P3,G6,10,0,,
93741,TH-Ext-2023-009,65.64,9105_2020_93741_M,PUNTLEDGE_RIVER_fall,2020,2,P3,D11,20.25,as-is,P3,H6,10,0,,
93729,TH-Ext-2023-009,65.32,9105_2020_93729_M,PUNTLEDGE_RIVER_fall,2020,2,P3,E11,20.13,as-is,P3,A7,10,0,,
19541,TH-Ext-2023-007,65.18,9107_2019_19541_M,CHILLIWACK_RIVER_fall,2019,3,P3,G11,24.98,as-is,P3,B7,10,0,,
5706,TH-Ext-2023-005,64.97,100_2017_5706_M,QUALICUM_RIVER,2017,3,P3,H11,25.12,as-is,P3,C7,10,0,,
6481,TH-Ext-2023-005,64.72,100_2017_6481_M,QUALICUM_RIVER,2017,2,P3,A12,23.6,as-is,P3,D7,10,0,,
219224,TH-Ext-2023-011,64.4,100_2021_219224_M,QUALICUM_RIVER,2021,4,P3,C12,26.45,as-is,P3,E7,10,0,,
18202,TH-Ext-2023-004,64.04,9107_2017_18202_M,CHILLIWACK_RIVER_fall,2017,4,P3,D12,25.07,as-is,P3,F7,10,0,,
1397-1,TH-Ext-2023-005,63.96,9105_2017_1397_M,PUNTLEDGE_RIVER_fall,2017,4,P3,F12,25.17,as-is,P3,G7,10,0,,
1397-2,TH-Ext-2023-006,54.65,9105_2018_1397_M,PUNTLEDGE_RIVER_fall,2018,2,P3,G12,19.53,as-is,P3,H7,10,0,,
54420,TH-Ext-2023-005,63.85,9105_2017_54420_M,PUNTLEDGE_RIVER_fall,2017,2,P3,H12,23.88,as-is,P3,A8,10,0,,
18410,TH-Ext-2023-006,63.71,9107_2018_18410_M,CHILLIWACK_RIVER_fall,2018,3,P4,A1,19.29,as-is,P3,B8,10,0,,
223670,TH-Ext-2023-010,63.7,9107_2021_223670_M,CHILLIWACK_RIVER_fall,2021,2,P4,B1,23.54,as-is,P3,C8,10,0,,
93960,TH-Ext-2023-009,63.66,9105_2020_93960_M,PUNTLEDGE_RIVER_fall,2020,4,P4,C1,25.05,as-is,P3,D8,10,0,,
1304,TH-Ext-2023-005,63.59,9105_2017_1304_M,PUNTLEDGE_RIVER_fall,2017,3,P4,D1,24.02,as-is,P3,E8,10,0,,
51661,TH-Ext-2023-004,63.39,9107_2017_51661_M,CHILLIWACK_RIVER_fall,2017,3,P4,E1,19.71,as-is,P3,F8,10,0,,
54421,TH-Ext-2023-005,63.3,9105_2017_54421_M,PUNTLEDGE_RIVER_fall,2017,2,P4,F1,23.55,as-is,P3,G8,10,0,,
1148,TH-Ext-2023-005,63.2,9105_2017_1148_M,PUNTLEDGE_RIVER_fall,2017,4,P4,H1,27.59,as-is,P3,H8,10,0,,
18385,TH-Ext-2023-006,63.08,9107_2018_18385_M,CHILLIWACK_RIVER_fall,2018,4,P4,A2,20.61,as-is,P3,A9,10,0,,
93663,TH-Ext-2023-009,63.02,9105_2020_93663_M,PUNTLEDGE_RIVER_fall,2020,3,P4,B2,23.17,as-is,P3,B9,10,0,,
25300,TH-Ext-2023-008,62.93,9105_2019_25300_M,PUNTLEDGE_RIVER_fall,2019,4,P4,C2,23.47,as-is,P3,C9,10,0,,
221402,TH-Ext-2023-010,62.82,9107_2021_221402_M,CHILLIWACK_RIVER_fall,2021,4,P4,D2,24.78,as-is,P3,D9,10,0,,
25586,TH-Ext-2023-008,62.71,9105_2019_25586_M,PUNTLEDGE_RIVER_fall,2019,4,P4,F2,19.42,as-is,P3,E9,10,0,,
219354,TH-Ext-2023-011,62.43,100_2021_219354_M,QUALICUM_RIVER,2021,5,P8,F5,23.37,as-is,P3,F9,10,0,,
40510,TH-Ext-2023-007,62.05,9107_2019_40510_M,CHILLIWACK_RIVER_fall,2019,3,P4,A3,17.3,as-is,P3,G9,10,0,,
6452,TH-Ext-2023-005,62.03,100_2017_6452_M,QUALICUM_RIVER,2017,4,P4,B3,21.28,as-is,P3,H9,10,0,,
15547,TH-Ext-2023-008,62,100_2019_15547_M,QUALICUM_RIVER,2019,4,P4,C3,21.81,as-is,P3,A10,10,0,,
1249,TH-Ext-2023-006,61.86,9105_2018_1249_M,PUNTLEDGE_RIVER_fall,2018,4,P4,D3,23.15,as-is,P3,B10,10,0,,
221434,TH-Ext-2023-010,61.79,9107_2021_221434_M,CHILLIWACK_RIVER_fall,2021,4,P4,E3,23.64,as-is,P3,C10,10,0,,
5735,TH-Ext-2023-006,61.67,100_2018_5735_M,QUALICUM_RIVER,2018,3,P4,F3,24.26,as-is,P3,D10,10,0,,
18209,TH-Ext-2023-004,61.56,9107_2017_18209_M,CHILLIWACK_RIVER_fall,2017,3,P4,G3,24.97,as-is,P3,E10,10,0,,
15754,TH-Ext-2023-008,61.28,100_2019_15754_M,QUALICUM_RIVER,2019,2,P4,H3,21.81,as-is,P3,F10,10,0,,
5630,TH-Ext-2023-004,61.28,100_2016_5630_M,QUALICUM_RIVER,2016,2,P4,A4,18.75,as-is,P3,G10,10,0,,
76083,TH-Ext-2023-009,61.22,9107_2020_76083_M,CHILLIWACK_RIVER_fall,2020,4,P4,B4,19.63,as-is,P3,H10,10,0,,
18257,TH-Ext-2023-004,61.13,9107_2017_18257_M,CHILLIWACK_RIVER_fall,2017,4,P4,C4,23.23,as-is,P3,A11,10,0,,
93753,TH-Ext-2023-009,61.11,9105_2020_93753_M,PUNTLEDGE_RIVER_fall,2020,4,P4,D4,22.59,as-is,P3,B11,10,0,,
5792,TH-Ext-2023-007,61,100_2018_5792_M,QUALICUM_RIVER,2018,4,P4,E4,24.56,as-is,P3,C11,10,0,,
51804,TH-Ext-2023-004,60.81,9107_2017_51804_M,CHILLIWACK_RIVER_fall,2017,2,P4,G4,24.15,as-is,P3,D11,10,0,,
7443,TH-Ext-2023-004,60.8,100_2016_7443_M,QUALICUM_RIVER,2016,2,P4,H4,25.44,as-is,P3,E11,10,0,,
93869,TH-Ext-2023-009,60.76,9105_2020_93869_M,PUNTLEDGE_RIVER_fall,2020,4,P4,A5,18.63,as-is,P3,F11,10,0,,
223143,TH-Ext-2023-010,60.59,9107_2021_223143_M,CHILLIWACK_RIVER_fall,2021,2,P4,B5,20.72,as-is,P3,G11,10,0,,
223204,TH-Ext-2023-010,60.55,9107_2021_223204_M,CHILLIWACK_RIVER_fall,2021,3,P4,C5,23.81,as-is,P3,H11,10,0,,
1118,TH-Ext-2023-005,60.43,9105_2017_1118_M,PUNTLEDGE_RIVER_fall,2017,4,P4,D5,24.88,as-is,P3,A12,10,0,,
223041,TH-Ext-2023-010,60.25,9107_2021_223041_M,CHILLIWACK_RIVER_fall,2021,2,P4,F5,23.04,as-is,P3,B12,10,0,,
93934,TH-Ext-2023-009,60.18,9105_2020_93934_M,PUNTLEDGE_RIVER_fall,2020,4,P4,G5,23.6,as-is,P3,C12,10,0,,
19683,TH-Ext-2023-007,60.09,9107_2019_19683_M,CHILLIWACK_RIVER_fall,2019,4,P4,H5,22.95,as-is,P3,D12,10,0,,
5968,TH-Ext-2023-005,60.02,100_2017_5968_M,QUALICUM_RIVER,2017,3,P4,A6,19.34,as-is,P3,E12,10,0,,
19217,TH-Ext-2023-007,59.84,9107_2019_19217_M,CHILLIWACK_RIVER_fall,2019,3,P4,B6,21.55,as-is,P3,F12,10,0,,
6308,TH-Ext-2023-007,59.79,100_2018_6308_M,QUALICUM_RIVER,2018,2,P4,C6,26.87,as-is,P3,G12,10,0,,
1029,TH-Ext-2023-006,59.77,9105_2018_1029_M,PUNTLEDGE_RIVER_fall,2018,2,P4,D6,19.35,as-is,P3,H12,10,0,,
7416,TH-Ext-2023-004,59.69,100_2016_7416_M,QUALICUM_RIVER,2016,2,P4,E6,22.2,as-is,P4,A1,10,0,,
93685,TH-Ext-2023-009,59.6,9105_2020_93685_M,PUNTLEDGE_RIVER_fall,2020,2,P4,F6,22.14,as-is,P4,B1,10,0,,
93903,TH-Ext-2023-009,59.57,9105_2020_93903_M,PUNTLEDGE_RIVER_fall,2020,3,P4,G6,22.86,as-is,P4,C1,10,0,,
93616,TH-Ext-2023-009,59.5,9105_2020_93616_M,PUNTLEDGE_RIVER_fall,2020,4,P4,H6,27.13,as-is,P4,D1,10,0,,
70804,TH-Ext-2023-010,59.45,100_2020_70804_M,QUALICUM_RIVER,2020,5,P4,A7,24.15,as-is,P4,E1,10,0,,
1024,TH-Ext-2023-006,59.43,9105_2018_1024_M,PUNTLEDGE_RIVER_fall,2018,4,P4,B7,17.79,as-is,P4,F1,10,0,,
5664,TH-Ext-2023-005,59.06,100_2017_5664_M,QUALICUM_RIVER,2017,2,P4,D7,20.21,as-is,P4,G1,10,0,,
93646,TH-Ext-2023-009,59.04,9105_2020_93646_M,PUNTLEDGE_RIVER_fall,2020,3,P4,E7,22.79,as-is,P4,H1,10,0,,
18486,TH-Ext-2023-006,59.01,9107_2018_18486_M,CHILLIWACK_RIVER_fall,2018,2,P4,F7,20.98,as-is,P4,A2,10,0,,
240184,TH-Ext-2023-011,58.96,9105_2021_240184_M,PUNTLEDGE_RIVER_fall,2021,4,P4,G7,25.7,as-is,P4,B2,10,0,,
93794,TH-Ext-2023-009,58.9,9105_2020_93794_M,PUNTLEDGE_RIVER_fall,2020,4,P4,H7,22.7,as-is,P4,C2,10,0,,
18158,TH-Ext-2023-004,58.8,9107_2017_18158_M,CHILLIWACK_RIVER_fall,2017,3,P4,B8,16.41,as-is,P4,D2,10,0,,
18497,TH-Ext-2023-006,58.68,9107_2018_18497_M,CHILLIWACK_RIVER_fall,2018,2,P4,C8,23.17,as-is,P4,E2,10,0,,
5907,TH-Ext-2023-005,58.1,100_2017_5907_M,QUALICUM_RIVER,2017,3,P4,E8,21.03,as-is,P4,F2,10,0,,
15796,TH-Ext-2023-008,58.06,100_2019_15796_M,QUALICUM_RIVER,2019,2,P4,F8,20.62,as-is,P4,G2,10,0,,
7434,TH-Ext-2023-004,57.93,100_2016_7434_M,QUALICUM_RIVER,2016,2,P4,G8,21.56,as-is,P4,H2,10,0,,
54417,TH-Ext-2023-005,57.92,9105_2017_54417_M,PUNTLEDGE_RIVER_fall,2017,2,P4,H8,23.61,as-is,P4,A3,10,0,,
1292,TH-Ext-2023-005,57.92,9105_2017_1292_M,PUNTLEDGE_RIVER_fall,2017,3,P4,A9,23.76,as-is,P4,B3,10,0,,
54469,TH-Ext-2023-005,57.74,9105_2017_54469_M,PUNTLEDGE_RIVER_fall,2017,2,P4,B9,17.5,as-is,P4,C3,10,0,,
7411,TH-Ext-2023-004,57.68,100_2016_7411_M,QUALICUM_RIVER,2016,2,P4,C9,22.67,as-is,P4,D3,10,0,,
221477,TH-Ext-2023-010,56.91,9107_2021_221477_M,CHILLIWACK_RIVER_fall,2021,4,P4,D9,22.04,as-is,P4,E3,10,0,,
1058,TH-Ext-2023-005,56.86,9105_2017_1058_M,PUNTLEDGE_RIVER_fall,2017,4,P4,E9,28.42,as-is,P4,F3,10,0,,
76617,TH-Ext-2023-009,56.84,9107_2020_76617_M,CHILLIWACK_RIVER_fall,2020,3,P4,F9,24.56,as-is,P4,G3,10,0,,
7414,TH-Ext-2023-004,56.82,100_2016_7414_M,QUALICUM_RIVER,2016,2,P4,G9,22.89,as-is,P4,H3,10,0,,
1206,TH-Ext-2023-006,56.81,9105_2018_1206_M,PUNTLEDGE_RIVER_fall,2018,3,P4,H9,21.51,as-is,P4,A4,10,0,,
1398,TH-Ext-2023-006,56.78,9105_2018_1398_M,PUNTLEDGE_RIVER_fall,2018,2,P4,A10,19.65,as-is,P4,B4,10,0,,
223128,TH-Ext-2023-010,56.69,9107_2021_223128_M,CHILLIWACK_RIVER_fall,2021,3,P4,B10,17.53,as-is,P4,C4,10,0,,
18164,TH-Ext-2023-006,56.68,9107_2018_18164_M,CHILLIWACK_RIVER_fall,2018,3,P4,C10,28.53,as-is,P4,D4,10,0,,
76658,TH-Ext-2023-009,56.61,9107_2020_76658_M,CHILLIWACK_RIVER_fall,2020,2,P4,D10,23.81,as-is,P4,E4,10,0,,
51843,TH-Ext-2023-004,56.43,9107_2017_51843_M,CHILLIWACK_RIVER_fall,2017,2,P4,E10,24.18,as-is,P4,F4,10,0,,
18271,TH-Ext-2023-004,56.03,9107_2017_18271_M,CHILLIWACK_RIVER_fall,2017,3,P4,F10,21.85,as-is,P4,G4,10,0,,
25208,TH-Ext-2023-007,55.97,9105_2019_25208_M,PUNTLEDGE_RIVER_fall,2019,4,P4,G10,23.24,as-is,P4,H4,10,0,,
18478,TH-Ext-2023-004,55.96,9107_2017_18478_M,CHILLIWACK_RIVER_fall,2017,2,P4,H10,26.25,as-is,P4,A5,10,0,,
18275,TH-Ext-2023-006,55.87,9107_2018_18275_M,CHILLIWACK_RIVER_fall,2018,3,P4,A11,21.44,as-is,P4,B5,10,0,,
1136,TH-Ext-2023-006,55.87,9105_2018_1136_M,PUNTLEDGE_RIVER_fall,2018,3,P4,B11,23.69,as-is,P4,C5,10,0,,
80472,TH-Ext-2023-006,55.85,9107_2018_80472_M,CHILLIWACK_RIVER_fall,2018,2,P4,C11,24.24,as-is,P4,D5,10,0,,
19218,TH-Ext-2023-007,55.79,9107_2019_19218_M,CHILLIWACK_RIVER_fall,2019,4,P4,D11,21.98,as-is,P4,E5,10,0,,
5758,TH-Ext-2023-005,55.67,100_2017_5758_M,QUALICUM_RIVER,2017,4,P4,E11,19.46,as-is,P4,F5,10,0,,
7436,TH-Ext-2023-004,55.54,100_2016_7436_M,QUALICUM_RIVER,2016,2,P4,F11,21.31,as-is,P4,G5,10,0,,
223762,TH-Ext-2023-010,55.38,9107_2021_223762_M,CHILLIWACK_RIVER_fall,2021,4,P4,G11,23.64,as-is,P4,H5,10,0,,
76649,TH-Ext-2023-009,55.27,9107_2020_76649_M,CHILLIWACK_RIVER_fall,2020,4,P4,H11,27.97,as-is,P4,A6,10,0,,
6357,TH-Ext-2023-005,55.19,100_2017_6357_M,QUALICUM_RIVER,2017,2,P4,A12,21.09,as-is,P4,B6,10,0,,
76597,TH-Ext-2023-009,55.01,9107_2020_76597_M,CHILLIWACK_RIVER_fall,2020,4,P4,B12,21.85,as-is,P4,C6,10,0,,
18380,TH-Ext-2023-004,54.95,9107_2017_18380_M,CHILLIWACK_RIVER_fall,2017,3,P4,C12,20.71,as-is,P4,D6,10,0,,
6073,TH-Ext-2023-005,54.91,100_2017_6073_M,QUALICUM_RIVER,2017,4,P4,D12,21.66,as-is,P4,E6,10,0,,
1119,TH-Ext-2023-005,54.87,9105_2017_1119_M,PUNTLEDGE_RIVER_fall,2017,3,P4,E12,24.21,as-is,P4,F6,10,0,,
80468,TH-Ext-2023-006,54.73,9107_2018_80468_M,CHILLIWACK_RIVER_fall,2018,2,P4,F12,23.79,as-is,P4,G6,10,0,,
7425,TH-Ext-2023-004,54.69,100_2016_7425_M,QUALICUM_RIVER,2016,2,P4,G12,23.6,as-is,P4,H6,10,0,,
59459,TH-Ext-2023-006,54.68,9105_2018_59459_M,PUNTLEDGE_RIVER_fall,2018,3,P4,H12,23,as-is,P4,A7,10,0,,
7410,TH-Ext-2023-004,54.54,100_2016_7410_M,QUALICUM_RIVER,2016,2,P5,C1,23.79,as-is,P4,B7,10,0,,
1363,TH-Ext-2023-005,54.51,9105_2017_1363_M,PUNTLEDGE_RIVER_fall,2017,4,P5,D1,20.4,as-is,P4,C7,10,0,,
93871,TH-Ext-2023-009,54.31,9105_2020_93871_M,PUNTLEDGE_RIVER_fall,2020,3,P5,E1,22.04,as-is,P4,D7,10,0,,
18479,TH-Ext-2023-006,54.23,9107_2018_18479_M,CHILLIWACK_RIVER_fall,2018,3,P5,F1,21.6,as-is,P4,E7,10,0,,
1223,TH-Ext-2023-005,54.17,9105_2017_1223_M,PUNTLEDGE_RIVER_fall,2017,4,P5,G1,26.75,as-is,P4,F7,10,0,,
51867,TH-Ext-2023-005,54.15,9107_2017_51867_M,CHILLIWACK_RIVER_fall,2017,2,P5,H1,25.92,as-is,P4,G7,10,0,,
5679,TH-Ext-2023-005,54.07,100_2017_5679_M,QUALICUM_RIVER,2017,2,P5,A2,17.44,as-is,P4,H7,10,0,,
18117,TH-Ext-2023-005,54.05,9107_2018_18117_M,CHILLIWACK_RIVER_fall,2018,4,P5,B2,19.2,as-is,P4,A8,10,0,,
15696,TH-Ext-2023-008,54.01,100_2019_15696_M,QUALICUM_RIVER,2019,4,P5,C2,21.03,as-is,P4,B8,10,0,,
18431,TH-Ext-2023-006,53.94,9107_2018_18431_M,CHILLIWACK_RIVER_fall,2018,4,P5,D2,24.69,as-is,P4,C8,10,0,,
18360,TH-Ext-2023-004,53.92,9107_2017_18360_M,CHILLIWACK_RIVER_fall,2017,4,P5,E2,19.74,as-is,P4,D8,10,0,,
19772,TH-Ext-2023-007,53.92,9107_2019_19772_M,CHILLIWACK_RIVER_fall,2019,4,P5,F2,23.27,as-is,P4,E8,10,0,,
80424,TH-Ext-2023-006,53.84,9107_2018_80424_M,CHILLIWACK_RIVER_fall,2018,3,P5,G2,26.65,as-is,P4,F8,10,0,,
80459,TH-Ext-2023-006,53.79,9107_2018_80459_M,CHILLIWACK_RIVER_fall,2018,2,P5,H2,21.33,as-is,P4,G8,10,0,,
25408,TH-Ext-2023-008,53.76,9105_2019_25408_M,PUNTLEDGE_RIVER_fall,2019,4,P5,A3,20.07,as-is,P4,H8,10,0,,
15559,TH-Ext-2023-008,53.6,100_2019_15559_M,QUALICUM_RIVER,2019,3,P5,D3,18.41,as-is,P4,A9,10,0,,
1383,TH-Ext-2023-006,53.55,9105_2018_1383_M,PUNTLEDGE_RIVER_fall,2018,2,P5,E3,19.08,as-is,P4,B9,10,0,,
1066,TH-Ext-2023-006,53.44,9105_2018_1066_M,PUNTLEDGE_RIVER_fall,2018,4,P5,F3,19.76,as-is,P4,C9,10,0,,
25348,TH-Ext-2023-008,53.25,9105_2019_25348_M,PUNTLEDGE_RIVER_fall,2019,3,P5,G3,24.91,as-is,P4,D9,10,0,,
80467,TH-Ext-2023-006,53.21,9107_2018_80467_M,CHILLIWACK_RIVER_fall,2018,2,P5,H3,25.79,as-is,P4,E9,10,0,,
16707,TH-Ext-2023-009,53.2,100_2019_16707_M,QUALICUM_RIVER,2019,2,P5,A4,19.87,as-is,P4,F9,10,0,,
240227,TH-Ext-2023-011,52.99,9105_2021_240227_M,PUNTLEDGE_RIVER_fall,2021,2,P5,B4,21.19,as-is,P4,G9,10,0,,
7404,TH-Ext-2023-004,52.97,100_2016_7404_M,QUALICUM_RIVER,2016,2,P5,C4,23.76,as-is,P4,H9,10,0,,
93968,TH-Ext-2023-009,52.92,9105_2020_93968_M,PUNTLEDGE_RIVER_fall,2020,4,P5,D4,18.4,as-is,P4,A10,10,0,,
219207,TH-Ext-2023-011,52.88,100_2021_219207_M,QUALICUM_RIVER,2021,4,P5,E4,21.4,as-is,P4,B10,10,0,,
7407,TH-Ext-2023-004,52.79,100_2016_7407_M,QUALICUM_RIVER,2016,2,P5,F4,20.71,as-is,P4,C10,10,0,,
18227,TH-Ext-2023-004,52.69,9107_2017_18227_M,CHILLIWACK_RIVER_fall,2017,4,P5,G4,23.49,as-is,P4,D10,10,0,,
25420,TH-Ext-2023-008,52.63,9105_2019_25420_M,PUNTLEDGE_RIVER_fall,2019,4,P5,H4,23.95,as-is,P4,E10,10,0,,
1022,TH-Ext-2023-005,52.63,9105_2017_1022_M,PUNTLEDGE_RIVER_fall,2017,4,P5,A5,22.79,as-is,P4,F10,10,0,,
19617,TH-Ext-2023-007,52.53,9107_2019_19617_M,CHILLIWACK_RIVER_fall,2019,2,P5,B5,20.87,as-is,P4,G10,10,0,,
15686,TH-Ext-2023-008,52.52,100_2019_15686_M,QUALICUM_RIVER,2019,3,P5,C5,19.84,as-is,P4,H10,10,0,,
1220,TH-Ext-2023-005,52.48,9105_2017_1220_M,PUNTLEDGE_RIVER_fall,2017,2,P5,D5,22.33,as-is,P4,A11,10,0,,
15517,TH-Ext-2023-008,52.03,100_2019_15517_M,QUALICUM_RIVER,2019,2,P5,E5,23.39,as-is,P4,B11,10,0,,
219421,TH-Ext-2023-011,51.65,100_2021_219421_M,QUALICUM_RIVER,2021,4,P5,F5,20.93,as-is,P4,C11,10,0,,
223767,TH-Ext-2023-010,51.57,9107_2021_223767_M,CHILLIWACK_RIVER_fall,2021,2,P5,G5,22.45,as-is,P4,D11,10,0,,
93632,TH-Ext-2023-009,51.5,9105_2020_93632_M,PUNTLEDGE_RIVER_fall,2020,3,P5,H5,22.49,as-is,P4,E11,10,0,,
54464,TH-Ext-2023-005,51.49,9105_2017_54464_M,PUNTLEDGE_RIVER_fall,2017,2,P5,A6,23.79,as-is,P4,F11,10,0,,
219756,TH-Ext-2023-012,51.29,100_2021_219756_M,QUALICUM_RIVER,2021,4,P5,C6,23.25,as-is,P4,G11,10,0,,
15649,TH-Ext-2023-008,51.19,100_2019_15649_M,QUALICUM_RIVER,2019,2,P5,D6,20.96,as-is,P4,H11,10,0,,
76496,TH-Ext-2023-009,51.06,9107_2020_76496_M,CHILLIWACK_RIVER_fall,2020,3,P5,E6,23.33,as-is,P4,A12,10,0,,
18243,TH-Ext-2023-006,50.75,9107_2018_18243_M,CHILLIWACK_RIVER_fall,2018,2,P5,F6,24.61,as-is,P4,B12,10,0,,
19702,TH-Ext-2023-007,50.65,9107_2019_19702_M,CHILLIWACK_RIVER_fall,2019,4,P5,G6,22.77,as-is,P4,C12,10,0,,
7440,TH-Ext-2023-004,50.54,100_2016_7440_M,QUALICUM_RIVER,2016,2,P5,H6,24.16,as-is,P4,D12,10,0,,
25240,TH-Ext-2023-008,50.46,9105_2019_25240_M,PUNTLEDGE_RIVER_fall,2019,2,P5,A7,28.91,as-is,P4,E12,10,0,,
76431,TH-Ext-2023-009,50.39,9107_2020_76431_M,CHILLIWACK_RIVER_fall,2020,2,P5,B7,19.35,as-is,P4,F12,10,0,,
15614,TH-Ext-2023-008,50.22,100_2019_15614_M,QUALICUM_RIVER,2019,4,P5,C7,20.73,as-is,P4,G12,10,0,,
1317,TH-Ext-2023-005,50.11,9105_2017_1317_M,PUNTLEDGE_RIVER_fall,2017,3,P5,D7,21.82,as-is,P4,H12,10,0,,
15474,TH-Ext-2023-008,50.07,100_2019_15474_M,QUALICUM_RIVER,2019,3,P5,E7,16.46,as-is,P5,A1,10,0,,
7431,TH-Ext-2023-004,50.04,100_2016_7431_M,QUALICUM_RIVER,2016,2,P5,F7,20.24,as-is,P5,B1,10,0,,
18485,TH-Ext-2023-004,49.96,9107_2017_18485_M,CHILLIWACK_RIVER_fall,2017,2,P5,G7,21.19,as-is,P5,C1,10,0,,
76622,TH-Ext-2023-009,49.71,9107_2020_76622_M,CHILLIWACK_RIVER_fall,2020,4,P5,A8,26.05,as-is,P5,D1,10,0,,
5815,TH-Ext-2023-007,49.62,100_2018_5815_M,QUALICUM_RIVER,2018,2,P5,B8,25.95,as-is,P5,E1,10,0,,
5736,TH-Ext-2023-005,49.61,100_2017_5736_M,QUALICUM_RIVER,2017,3,P5,C8,21.17,as-is,P5,F1,10,0,,
54320,TH-Ext-2023-005,49.47,9105_2017_54320_M,PUNTLEDGE_RIVER_fall,2017,2,P5,D8,20.77,as-is,P5,G1,10,0,,
1192,TH-Ext-2023-005,49.37,9105_2017_1192_M,PUNTLEDGE_RIVER_fall,2017,3,P5,E8,24.72,as-is,P5,H1,10,0,,
7402,TH-Ext-2023-004,49,100_2016_7402_M,QUALICUM_RIVER,2016,2,P5,G8,24.26,as-is,P5,A2,10,0,,
18233,TH-Ext-2023-006,48.99,9107_2018_18233_M,CHILLIWACK_RIVER_fall,2018,4,P5,H8,26.22,as-is,P5,B2,10,0,,
223499,TH-Ext-2023-010,48.98,9107_2021_223499_M,CHILLIWACK_RIVER_fall,2021,2,P5,A9,25.88,as-is,P5,C2,10,0,,
16472,TH-Ext-2023-009,48.92,100_2019_16472_M,QUALICUM_RIVER,2019,2,P5,B9,27.44,as-is,P5,D2,10,0,,
25445,TH-Ext-2023-008,48.91,9105_2019_25445_M,PUNTLEDGE_RIVER_fall,2019,3,P5,C9,22.93,as-is,P5,E2,10,0,,
18462,TH-Ext-2023-006,48.81,9107_2018_18462_M,CHILLIWACK_RIVER_fall,2018,3,P5,D9,20.37,as-is,P5,F2,10,0,,
93773,TH-Ext-2023-009,48.78,9105_2020_93773_M,PUNTLEDGE_RIVER_fall,2020,3,P5,E9,22.6,as-is,P5,G2,10,0,,
6076,TH-Ext-2023-007,48.72,100_2018_6076_M,QUALICUM_RIVER,2018,2,P5,F9,24.18,as-is,P5,H2,10,0,,
1366,TH-Ext-2023-006,48.62,9105_2018_1366_M,PUNTLEDGE_RIVER_fall,2018,3,P5,G9,21.04,as-is,P5,A3,10,0,,
76158,TH-Ext-2023-009,48.46,9107_2020_76158_M,CHILLIWACK_RIVER_fall,2020,3,P5,H9,25.55,as-is,P5,B3,10,0,,
1379,TH-Ext-2023-005,48.38,9105_2017_1379_M,PUNTLEDGE_RIVER_fall,2017,4,P5,A10,28.55,as-is,P5,C3,10,0,,
76541,TH-Ext-2023-009,48.27,9107_2020_76541_M,CHILLIWACK_RIVER_fall,2020,4,P5,B10,28.14,as-is,P5,D3,10,0,,
18267,TH-Ext-2023-006,48.06,9107_2018_18267_M,CHILLIWACK_RIVER_fall,2018,3,P5,D10,23.98,as-is,P5,E3,10,0,,
54403,TH-Ext-2023-005,48.05,9105_2017_54403_M,PUNTLEDGE_RIVER_fall,2017,2,P5,E10,25.03,as-is,P5,F3,10,0,,
7449,TH-Ext-2023-004,47.98,100_2016_7449_M,QUALICUM_RIVER,2016,2,P5,G10,25.96,as-is,P5,G3,10,0,,
51803,TH-Ext-2023-004,47.53,9107_2017_51803_M,CHILLIWACK_RIVER_fall,2017,2,P5,H10,25.64,as-is,P5,H3,10,0,,
223848,TH-Ext-2023-010,47.51,9107_2021_223848_M,CHILLIWACK_RIVER_fall,2021,2,P5,A11,26.01,as-is,P5,A4,10,0,,
6359,TH-Ext-2023-005,47.5,100_2017_6359_M,QUALICUM_RIVER,2017,3,P5,B11,25.37,as-is,P5,B4,10,0,,
76442,TH-Ext-2023-009,47.35,9107_2020_76442_M,CHILLIWACK_RIVER_fall,2020,4,P5,D11,24.8,as-is,P5,C4,10,0,,
3837,TH-Ext-2023-005,47.35,100_2017_3837_M,QUALICUM_RIVER,2017,3,P5,E11,24.49,as-is,P5,D4,10,0,,
25560,TH-Ext-2023-008,47.33,9105_2019_25560_M,PUNTLEDGE_RIVER_fall,2019,2,P5,F11,23.86,as-is,P5,E4,10,0,,
54351,TH-Ext-2023-005,47.31,9105_2017_54351_M,PUNTLEDGE_RIVER_fall,2017,2,P5,G11,22.68,as-is,P5,F4,10,0,,
40410,TH-Ext-2023-007,47.2,9107_2019_40410_M,CHILLIWACK_RIVER_fall,2019,2,P5,H11,NA,as-is,P5,G4,10,0,,
1331,TH-Ext-2023-006,47.11,9105_2018_1331_M,PUNTLEDGE_RIVER_fall,2018,3,P5,A12,25.22,as-is,P5,H4,10,0,,
5856,TH-Ext-2023-004,47.03,100_2016_5856_M,QUALICUM_RIVER,2016,3,P5,B12,25.16,as-is,P5,A5,10,0,,
1050,TH-Ext-2023-006,47,9105_2018_1050_M,PUNTLEDGE_RIVER_fall,2018,4,P5,C12,25.76,as-is,P5,B5,10,0,,
25311,TH-Ext-2023-008,46.85,9105_2019_25311_M,PUNTLEDGE_RIVER_fall,2019,2,P5,D12,27.06,as-is,P5,C5,10,0,,
51815,TH-Ext-2023-004,46.62,9107_2017_51815_M,CHILLIWACK_RIVER_fall,2017,2,P5,E12,25.87,as-is,P5,D5,10,0,,
93607,TH-Ext-2023-009,46.55,9105_2020_93607_M,PUNTLEDGE_RIVER_fall,2020,3,P5,F12,24.79,as-is,P5,E5,10,0,,
18136,TH-Ext-2023-004,46.37,9107_2017_18136_M,CHILLIWACK_RIVER_fall,2017,4,P5,H12,23.37,as-is,P5,F5,10,0,,
1318,TH-Ext-2023-005,46.27,9105_2017_1318_M,PUNTLEDGE_RIVER_fall,2017,3,P6,A1,22.65,as-is,P5,G5,10,0,,
51844,TH-Ext-2023-004,46.09,9107_2017_51844_M,CHILLIWACK_RIVER_fall,2017,2,P6,C1,27.51,as-is,P5,H5,10,0,,
25399,TH-Ext-2023-008,46,9105_2019_25399_M,PUNTLEDGE_RIVER_fall,2019,4,P6,D1,24.37,as-is,P5,A6,10,0,,
7427,TH-Ext-2023-004,45.91,100_2016_7427_M,QUALICUM_RIVER,2016,2,P6,E1,25.52,as-is,P5,B6,10,0,,
54341,TH-Ext-2023-005,45.88,9105_2017_54341_M,PUNTLEDGE_RIVER_fall,2017,2,P6,F1,23.01,as-is,P5,C6,10,0,,
19430,TH-Ext-2023-007,45.71,9107_2019_19430_M,CHILLIWACK_RIVER_fall,2019,4,P6,G1,23.55,as-is,P5,D6,10,0,,
6101,TH-Ext-2023-007,45.67,100_2018_6101_M,QUALICUM_RIVER,2018,5,P6,H1,27.92,as-is,P5,E6,10,0,,
1055,TH-Ext-2023-005,45.55,9105_2017_1055_M,PUNTLEDGE_RIVER_fall,2017,3,P6,A2,21.31,as-is,P5,F6,10,0,,
5677,TH-Ext-2023-004,45.52,100_2016_5677_M,QUALICUM_RIVER,2016,3,P6,B2,21.51,as-is,P5,G6,10,0,,
6379,TH-Ext-2023-005,45.4,100_2017_6379_M,QUALICUM_RIVER,2017,3,P6,C2,22.34,as-is,P5,H6,10,0,,
76185,TH-Ext-2023-009,45.33,9107_2020_76185_M,CHILLIWACK_RIVER_fall,2020,4,P6,D2,21.85,as-is,P5,A7,10,0,,
16406,TH-Ext-2023-009,45.28,100_2019_16406_M,QUALICUM_RIVER,2019,3,P6,E2,21.71,as-is,P5,B7,10,0,,
63,TH-Ext-2023-005,45.09,9105_2017_63_M,PUNTLEDGE_RIVER_fall,2017,3,P6,F2,23.65,as-is,P5,C7,10,0,,
76265,TH-Ext-2023-009,44.92,9107_2020_76265_M,CHILLIWACK_RIVER_fall,2020,4,P6,G2,24.87,as-is,P5,D7,10,0,,
223636,TH-Ext-2023-010,44.84,9107_2021_223636_M,CHILLIWACK_RIVER_fall,2021,2,P6,H2,22.39,as-is,P5,E7,10,0,,
15938,TH-Ext-2023-008,44.78,100_2019_15938_M,QUALICUM_RIVER,2019,4,P6,A3,16.91,as-is,P5,F7,10,0,,
19277,TH-Ext-2023-007,44.69,9107_2019_19277_M,CHILLIWACK_RIVER_fall,2019,4,P6,B3,23.25,as-is,P5,G7,10,0,,
16350,TH-Ext-2023-009,44.66,100_2019_16350_M,QUALICUM_RIVER,2019,5,P6,C3,23.07,as-is,P5,H7,10,0,,
5811,TH-Ext-2023-004,44.4,100_2016_5811_M,QUALICUM_RIVER,2016,3,P6,D3,22.71,as-is,P5,A8,10,0,,
76412,TH-Ext-2023-009,44.17,9107_2020_76412_M,CHILLIWACK_RIVER_fall,2020,3,P6,E3,23.35,as-is,P5,B8,10,0,,
25344,TH-Ext-2023-008,44.16,9105_2019_25344_M,PUNTLEDGE_RIVER_fall,2019,4,P6,F3,26.18,as-is,P5,C8,10,0,,
54432,TH-Ext-2023-005,44.11,9105_2017_54432_M,PUNTLEDGE_RIVER_fall,2017,2,P6,G3,21.98,as-is,P5,D8,10,0,,
93901,TH-Ext-2023-009,43.94,9105_2020_93901_M,PUNTLEDGE_RIVER_fall,2020,2,P6,H3,25.17,as-is,P5,E8,10,0,,
19400,TH-Ext-2023-007,43.92,9107_2019_19400_M,CHILLIWACK_RIVER_fall,2019,3,P6,A4,18.08,as-is,P5,F8,10,0,,
6062,TH-Ext-2023-004,43.85,100_2016_6062_M,QUALICUM_RIVER,2016,2,P6,B4,22.62,as-is,P5,G8,10,0,,
25385,TH-Ext-2023-008,43.77,9105_2019_25385_M,PUNTLEDGE_RIVER_fall,2019,3,P6,C4,25.13,as-is,P5,H8,10,0,,
51670,TH-Ext-2023-004,43.72,9107_2017_51670_M,CHILLIWACK_RIVER_fall,2017,3,P6,D4,20.44,as-is,P5,A9,10,0,,
25679,TH-Ext-2023-008,43.54,9105_2019_25679_M,PUNTLEDGE_RIVER_fall,2019,2,P6,E4,19.13,as-is,P5,B9,10,0,,
76681,TH-Ext-2023-009,43.48,9107_2020_76681_M,CHILLIWACK_RIVER_fall,2020,3,P6,F4,22.03,as-is,P5,C9,10,0,,
18127,TH-Ext-2023-004,43.41,9107_2017_18127_M,CHILLIWACK_RIVER_fall,2017,3,P6,G4,21.13,as-is,P5,D9,10,0,,
6132,TH-Ext-2023-004,43.37,100_2016_6132_M,QUALICUM_RIVER,2016,3,P6,H4,23.48,as-is,P5,E9,10,0,,
76584,TH-Ext-2023-009,43.23,9107_2020_76584_M,CHILLIWACK_RIVER_fall,2020,3,P6,A5,20.09,as-is,P5,F9,10,0,,
15887,TH-Ext-2023-008,43.2,100_2019_15887_M,QUALICUM_RIVER,2019,4,P6,B5,18.82,as-is,P5,G9,10,0,,
6193,TH-Ext-2023-005,43.14,100_2017_6193_M,QUALICUM_RIVER,2017,4,P6,C5,21.16,as-is,P5,H9,10,0,,
1252,TH-Ext-2023-006,43.1,9105_2018_1252_M,PUNTLEDGE_RIVER_fall,2018,2,P6,D5,21.22,as-is,P5,A10,10,0,,
15944,TH-Ext-2023-008,43.05,100_2019_15944_M,QUALICUM_RIVER,2019,4,P6,E5,22.82,as-is,P5,B10,10,0,,
25513,TH-Ext-2023-008,43.02,9105_2019_25513_M,PUNTLEDGE_RIVER_fall,2019,2,P6,F5,23.29,as-is,P5,C10,10,0,,
1310,TH-Ext-2023-005,42.96,9105_2017_1310_M,PUNTLEDGE_RIVER_fall,2017,3,P6,G5,23.19,as-is,P5,D10,10,0,,
7406,TH-Ext-2023-004,42.96,100_2016_7406_M,QUALICUM_RIVER,2016,2,P6,H5,24.14,as-is,P5,E10,10,0,,
76655,TH-Ext-2023-009,42.92,9107_2020_76655_M,CHILLIWACK_RIVER_fall,2020,4,P6,A6,17.57,as-is,P5,F10,10,0,,
1296,TH-Ext-2023-005,42.83,9105_2017_1296_M,PUNTLEDGE_RIVER_fall,2017,3,P6,B6,25,as-is,P5,G10,10,0,,
1198,TH-Ext-2023-006,42.79,9105_2018_1198_M,PUNTLEDGE_RIVER_fall,2018,4,P6,C6,20.15,as-is,P5,H10,10,0,,
25219,TH-Ext-2023-008,42.77,9105_2019_25219_M,PUNTLEDGE_RIVER_fall,2019,3,P6,D6,20.55,as-is,P5,A11,10,0,,
80427,TH-Ext-2023-006,42.7,9107_2018_80427_M,CHILLIWACK_RIVER_fall,2018,2,P6,E6,22.28,as-is,P5,B11,10,0,,
54423,TH-Ext-2023-005,42.61,9105_2017_54423_M,PUNTLEDGE_RIVER_fall,2017,2,P6,F6,21.55,as-is,P5,C11,10,0,,
1369,TH-Ext-2023-006,42.2,9105_2018_1369_M,PUNTLEDGE_RIVER_fall,2018,3,P6,G6,20.18,as-is,P5,D11,10,0,,
19607,TH-Ext-2023-007,42.19,9107_2019_19607_M,CHILLIWACK_RIVER_fall,2019,3,P6,H6,22.09,as-is,P5,E11,10,0,,
16454,TH-Ext-2023-009,42.02,100_2019_16454_M,QUALICUM_RIVER,2019,2,P6,B7,23.57,as-is,P5,F11,10,0,,
76590,TH-Ext-2023-009,41.79,9107_2020_76590_M,CHILLIWACK_RIVER_fall,2020,3,P6,C7,24.3,as-is,P5,G11,10,0,,
6288-2,TH-Ext-2023-005,41.76,100_2017_6288_M,QUALICUM_RIVER,2017,3,P6,D7,18.93,as-is,P5,H11,10,0,,
5830-1,TH-Ext-2023-005,41.74,100_2017_5830_M,QUALICUM_RIVER,2017,3,P6,E7,18.59,as-is,P5,A12,10,0,,
5830-2,TH-Ext-2023-007,90.49,100_2018_5830_M,QUALICUM_RIVER,2018,4,P6,F7,21.41,as-is,P5,B12,10,0,,
219836,TH-Ext-2023-012,41.62,100_2021_219836_M,QUALICUM_RIVER,2021,4,P6,G7,21.83,as-is,P5,C12,10,0,,
18435,TH-Ext-2023-006,41.49,9107_2018_18435_M,CHILLIWACK_RIVER_fall,2018,2,P6,H7,26.68,as-is,P5,D12,10,0,,
223627,TH-Ext-2023-010,41.44,9107_2021_223627_M,CHILLIWACK_RIVER_fall,2021,2,P6,A8,16.37,as-is,P5,E12,10,0,,
7435,TH-Ext-2023-004,41.29,100_2016_7435_M,QUALICUM_RIVER,2016,2,P6,B8,18.33,as-is,P5,F12,10,0,,
1344,TH-Ext-2023-005,41.24,9105_2017_1344_M,PUNTLEDGE_RIVER_fall,2017,3,P6,C8,20.79,as-is,P5,G12,10,0,,
223847,TH-Ext-2023-010,41.23,9107_2021_223847_M,CHILLIWACK_RIVER_fall,2021,2,P6,D8,19.77,as-is,P5,H12,10,0,,
5722,TH-Ext-2023-004,41.17,100_2016_5722_M,QUALICUM_RIVER,2016,2,P6,E8,22.81,as-is,P6,A1,10,0,,
19257,TH-Ext-2023-007,41.15,9107_2019_19257_M,CHILLIWACK_RIVER_fall,2019,3,P6,F8,23.65,as-is,P6,B1,10,0,,
5793,TH-Ext-2023-006,41.11,100_2018_5793_M,QUALICUM_RIVER,2018,4,P6,G8,20.36,as-is,P6,C1,10,0,,
5846,TH-Ext-2023-005,41.09,100_2017_5846_M,QUALICUM_RIVER,2017,3,P6,H8,19.9,as-is,P6,D1,10,0,,
1154,TH-Ext-2023-006,40.96,9105_2018_1154_M,PUNTLEDGE_RIVER_fall,2018,4,P6,A9,16.65,as-is,P6,E1,10,0,,
18224,TH-Ext-2023-006,40.95,9107_2018_18224_M,CHILLIWACK_RIVER_fall,2018,2,P6,B9,20.23,as-is,P6,F1,10,0,,
15935,TH-Ext-2023-008,40.7,100_2019_15935_M,QUALICUM_RIVER,2019,2,P6,C9,22.11,as-is,P6,G1,10,0,,
15939,TH-Ext-2023-008,40.66,100_2019_15939_M,QUALICUM_RIVER,2019,4,P6,D9,19.48,as-is,P6,H1,10,0,,
7453,TH-Ext-2023-004,40.62,100_2016_7453_M,QUALICUM_RIVER,2016,2,P6,E9,23.11,as-is,P6,A2,10,0,,
18454,TH-Ext-2023-006,40.58,9107_2018_18454_M,CHILLIWACK_RIVER_fall,2018,2,P6,F9,20.01,as-is,P6,B2,10,0,,
5963,TH-Ext-2023-006,40.53,100_2018_5963_M,QUALICUM_RIVER,2018,3,P6,G9,19.82,as-is,P6,C2,10,0,,
19429,TH-Ext-2023-007,40.39,9107_2019_19429_M,CHILLIWACK_RIVER_fall,2019,3,P6,H9,20.55,as-is,P6,D2,10,0,,
19308,TH-Ext-2023-007,40.38,9107_2019_19308_M,CHILLIWACK_RIVER_fall,2019,4,P6,A10,19.87,as-is,P6,E2,10,0,,
25524,TH-Ext-2023-008,40.18,9105_2019_25524_M,PUNTLEDGE_RIVER_fall,2019,3,P6,B10,17.76,as-is,P6,F2,10,0,,
6041,TH-Ext-2023-004,40.17,100_2016_6041_M,QUALICUM_RIVER,2016,3,P6,C10,23.39,as-is,P6,G2,10,0,,
240124,TH-Ext-2023-011,40.17,9105_2021_240124_M,PUNTLEDGE_RIVER_fall,2021,4,P6,D10,23.33,as-is,P6,H2,10,0,,
1194,TH-Ext-2023-006,40.13,9105_2018_1194_M,PUNTLEDGE_RIVER_fall,2018,3,P6,E10,21.55,as-is,P6,A3,10,0,,
25465,TH-Ext-2023-008,40.03,9105_2019_25465_M,PUNTLEDGE_RIVER_fall,2019,4,P6,F10,24.36,as-is,P6,B3,10,0,,
219782,TH-Ext-2023-012,39.98,100_2021_219896_M,QUALICUM_RIVER,2021,4,P6,G10,25.92,as-is,P6,C3,10,0,,
19503,TH-Ext-2023-007,39.97,9107_2019_19503_M,CHILLIWACK_RIVER_fall,2019,3,P6,H10,22.19,as-is,P6,D3,10,0,,
51665,TH-Ext-2023-004,39.87,9107_2017_51665_M,CHILLIWACK_RIVER_fall,2017,4,P6,B11,20.09,as-is,P6,E3,10,0,,
80433,TH-Ext-2023-006,39.82,9107_2018_80433_M,CHILLIWACK_RIVER_fall,2018,3,P6,C11,21.43,as-is,P6,F3,10,0,,
76411,TH-Ext-2023-009,39.79,9107_2020_76411_M,CHILLIWACK_RIVER_fall,2020,2,P6,D11,22.45,as-is,P6,G3,10,0,,
15658,TH-Ext-2023-008,39.78,100_2019_15658_M,QUALICUM_RIVER,2019,2,P6,E11,21.21,as-is,P6,H3,10,0,,
50190,TH-Ext-2023-007,39.67,100_2018_50190_M,QUALICUM_RIVER,2018,2,P6,F11,22.6,as-is,P6,A4,10,0,,
5824,TH-Ext-2023-007,39.59,100_2018_5824_M,QUALICUM_RIVER,2018,4,P6,G11,27.89,as-is,P6,B4,10,0,,
25666,TH-Ext-2023-008,39.54,9105_2019_25666_M,PUNTLEDGE_RIVER_fall,2019,3,P6,H11,22.3,as-is,P6,C4,10,0,,
1070,TH-Ext-2023-006,39.51,9105_2018_1070_M,PUNTLEDGE_RIVER_fall,2018,3,P6,A12,17.77,as-is,P6,D4,10,0,,
76430,TH-Ext-2023-009,39.5,9107_2020_76430_M,CHILLIWACK_RIVER_fall,2020,2,P6,B12,22.82,as-is,P6,E4,10,0,,
1077,TH-Ext-2023-006,39.29,9105_2018_1077_M,PUNTLEDGE_RIVER_fall,2018,2,P6,C12,19.94,as-is,P6,F4,10,0,,
19324,TH-Ext-2023-007,39.29,9107_2019_19324_M,CHILLIWACK_RIVER_fall,2019,4,P6,D12,22.09,as-is,P6,G4,10,0,,
6147,TH-Ext-2023-004,39.27,100_2016_6147_M,QUALICUM_RIVER,2016,3,P6,E12,23.6,as-is,P6,H4,10,0,,
15848,TH-Ext-2023-008,39.23,100_2019_15848_M,QUALICUM_RIVER,2019,4,P6,F12,22.33,as-is,P6,A5,10,0,,
25268,TH-Ext-2023-008,39.23,9105_2019_25268_M,PUNTLEDGE_RIVER_fall,2019,4,P6,G12,23.97,as-is,P6,B5,10,0,,
51801,TH-Ext-2023-004,39.2,9107_2017_51801_M,CHILLIWACK_RIVER_fall,2017,2,P6,H12,22.15,as-is,P6,C5,10,0,,
5743,TH-Ext-2023-007,39.03,100_2018_5743_M,QUALICUM_RIVER,2018,4,P7,A1,22.94,as-is,P6,D5,10,0,,
25649,TH-Ext-2023-008,39.02,9105_2019_25649_M,PUNTLEDGE_RIVER_fall,2019,4,P7,B1,23.65,as-is,P6,E5,10,0,,
74499,TH-Ext-2023-009,38.96,9107_2020_74499_M,CHILLIWACK_RIVER_fall,2020,3,P7,C1,25.03,as-is,P6,F5,10,0,,
19486,TH-Ext-2023-007,38.95,9107_2019_19486_M,CHILLIWACK_RIVER_fall,2019,2,P7,D1,23.56,as-is,P6,G5,10,0,,
15563,TH-Ext-2023-008,38.87,100_2019_15563_M,QUALICUM_RIVER,2019,3,P7,E1,24.67,as-is,P6,H5,10,0,,
7460,TH-Ext-2023-004,38.84,100_2016_7460_M,QUALICUM_RIVER,2016,2,P7,F1,24.73,as-is,P6,A6,10,0,,
6230,TH-Ext-2023-005,38.62,100_2017_6230_M,QUALICUM_RIVER,2017,3,P7,G1,22.38,as-is,P6,B6,10,0,,
76242,TH-Ext-2023-009,38.54,9107_2020_76242_M,CHILLIWACK_RIVER_fall,2020,3,P7,H1,26.73,as-is,P6,C6,10,0,,
326,TH-Ext-2023-004,38.35,9107_2017_326_M,CHILLIWACK_RIVER_fall,2017,4,P7,A2,18.32,as-is,P6,D6,10,0,,
25296,TH-Ext-2023-008,38.32,9105_2019_25296_M,PUNTLEDGE_RIVER_fall,2019,4,P7,B2,23.37,as-is,P6,E6,10,0,,
6331,TH-Ext-2023-004,38.32,100_2016_6331_M,QUALICUM_RIVER,2016,3,P7,C2,22.83,as-is,P6,F6,10,0,,
7403,TH-Ext-2023-004,38.21,100_2016_7403_M,QUALICUM_RIVER,2016,2,P7,D2,26.34,as-is,P6,G6,10,0,,
219732,TH-Ext-2023-011,38.16,100_2021_219732_M,QUALICUM_RIVER,2021,3,P7,E2,18.96,as-is,P6,H6,10,0,,
3873,TH-Ext-2023-005,37.9,100_2017_3873_M,QUALICUM_RIVER,2017,4,P7,G2,21.84,as-is,P6,A7,10,0,,
16305,TH-Ext-2023-008,37.75,100_2019_16305_M,QUALICUM_RIVER,2019,4,P7,H2,18.21,as-is,P6,B7,10,0,,
5675,TH-Ext-2023-004,37.6,100_2016_5675_M,QUALICUM_RIVER,2016,3,P7,A3,17.81,as-is,P6,C7,10,0,,
40412,TH-Ext-2023-007,37.52,9107_2019_40412_M,CHILLIWACK_RIVER_fall,2019,4,P7,B3,21.41,as-is,P6,D7,10,0,,
76119,TH-Ext-2023-009,37.46,9107_2020_76119_M,CHILLIWACK_RIVER_fall,2020,3,P7,C3,18.95,as-is,P6,E7,10,0,,
25671,TH-Ext-2023-008,37.36,9105_2019_25671_M,PUNTLEDGE_RIVER_fall,2019,2,P7,D3,25.83,as-is,P6,F7,10,0,,
6419,TH-Ext-2023-007,37.1,100_2018_6419_M,QUALICUM_RIVER,2018,3,P7,E3,23.26,as-is,P6,G7,10,0,,
76334,TH-Ext-2023-009,36.89,9107_2020_76334_M,CHILLIWACK_RIVER_fall,2020,2,P7,F3,24.91,as-is,P6,H7,10,0,,
16352,TH-Ext-2023-009,36.81,100_2019_16352_M,QUALICUM_RIVER,2019,3,P7,G3,23.82,as-is,P6,A8,10,0,,
1060,TH-Ext-2023-006,36.76,9105_2018_1060_M,PUNTLEDGE_RIVER_fall,2018,2,P7,A4,20.07,as-is,P6,B8,10,0,,
328,TH-Ext-2023-004,36.63,9107_2017_328_M,CHILLIWACK_RIVER_fall,2017,2,P7,B4,23.25,as-is,P6,C8,10,0,,
76669,TH-Ext-2023-009,36.59,9107_2020_76669_M,CHILLIWACK_RIVER_fall,2020,4,P7,D4,20.56,as-is,P6,D8,10,0,,
76591,TH-Ext-2023-009,36.43,9107_2020_76591_M,CHILLIWACK_RIVER_fall,2020,4,P7,F4,25.03,as-is,P6,E8,10,0,,
5731,TH-Ext-2023-005,36.42,100_2017_5731_M,QUALICUM_RIVER,2017,3,P7,G4,22.65,as-is,P6,F8,10,0,,
1102,TH-Ext-2023-006,36.41,9105_2018_1102_M,PUNTLEDGE_RIVER_fall,2018,3,P7,H4,24.67,as-is,P6,G8,10,0,,
25572,TH-Ext-2023-008,36.38,9105_2019_25572_M,PUNTLEDGE_RIVER_fall,2019,4,P7,A5,18.74,as-is,P6,H8,10,0,,
76045,TH-Ext-2023-009,36.19,9107_2020_76045_M,CHILLIWACK_RIVER_fall,2020,3,P7,B5,27.78,as-is,P6,A9,10,0,,
15659,TH-Ext-2023-008,35.98,100_2019_15659_M,QUALICUM_RIVER,2019,3,P7,C5,21.87,as-is,P6,B9,10,0,,
15543,TH-Ext-2023-008,35.9,100_2019_15543_M,QUALICUM_RIVER,2019,3,P7,D5,18.21,as-is,P6,C9,10,0,,
86,TH-Ext-2023-005,35.87,9105_2017_86_M,PUNTLEDGE_RIVER_fall,2017,4,P7,E5,26.46,as-is,P6,D9,10,0,,
15451,TH-Ext-2023-008,35.86,100_2019_15451_M,QUALICUM_RIVER,2019,4,P7,F5,21.55,as-is,P6,E9,10,0,,
25478,TH-Ext-2023-008,35.83,9105_2019_25478_M,PUNTLEDGE_RIVER_fall,2019,4,P7,G5,24.91,as-is,P6,F9,10,0,,
7458,TH-Ext-2023-004,35.66,100_2016_7458_M,QUALICUM_RIVER,2016,2,P7,H5,21.74,as-is,P6,G9,10,0,,
25562,TH-Ext-2023-008,35.42,9105_2019_25562_M,PUNTLEDGE_RIVER_fall,2019,4,P7,B6,20.99,as-is,P6,H9,10,0,,
25525,TH-Ext-2023-008,35.35,9105_2019_25525_M,PUNTLEDGE_RIVER_fall,2019,3,P7,C6,22.04,as-is,P6,A10,10,0,,
15611,TH-Ext-2023-008,35.25,100_2019_15611_M,QUALICUM_RIVER,2019,4,P7,D6,19.84,as-is,P6,B10,10,0,,
334,TH-Ext-2023-004,35.22,9107_2017_334_M,CHILLIWACK_RIVER_fall,2017,2,P7,E6,22.38,as-is,P6,C10,10,0,,
16701,TH-Ext-2023-009,35.21,100_2019_16701_M,QUALICUM_RIVER,2019,3,P7,F6,24.42,as-is,P6,D10,10,0,,
7428,TH-Ext-2023-004,35.02,100_2016_7428_M,QUALICUM_RIVER,2016,2,P7,G6,23.13,as-is,P6,E10,10,0,,
93673,TH-Ext-2023-009,35.01,9105_2020_93673_M,PUNTLEDGE_RIVER_fall,2020,3,P7,H6,21.58,as-is,P6,F10,10,0,,
1105,TH-Ext-2023-005,34.94,9105_2017_1105_M,PUNTLEDGE_RIVER_fall,2017,3,P7,A7,19.11,as-is,P6,G10,10,0,,
343,TH-Ext-2023-004,34.79,9107_2017_343_M,CHILLIWACK_RIVER_fall,2017,3,P7,B7,20.08,as-is,P6,H10,10,0,,
18466,TH-Ext-2023-004,34.74,9107_2017_18466_M,CHILLIWACK_RIVER_fall,2017,3,P7,D7,20.08,as-is,P6,A11,10,0,,
74475,TH-Ext-2023-009,34.73,9107_2020_74475_M,CHILLIWACK_RIVER_fall,2020,3,P7,E7,22.38,as-is,P6,B11,10,0,,
16040,TH-Ext-2023-008,34.55,100_2019_16040_M,QUALICUM_RIVER,2019,3,P7,F7,19.35,as-is,P6,C11,10,0,,
25620,TH-Ext-2023-008,34.54,9105_2019_25620_M,PUNTLEDGE_RIVER_fall,2019,2,P7,G7,27.57,as-is,P6,D11,10,0,,
74603,TH-Ext-2023-009,34.38,9107_2020_74603_M,CHILLIWACK_RIVER_fall,2020,3,P7,H7,27.09,as-is,P6,E11,10,0,,
18469,TH-Ext-2023-006,34.29,9107_2018_18469_M,CHILLIWACK_RIVER_fall,2018,2,P7,A8,22.83,as-is,P6,F11,10,0,,
80466,TH-Ext-2023-006,34.01,9107_2018_80466_M,CHILLIWACK_RIVER_fall,2018,3,P7,B8,23.38,as-is,P6,G11,10,0,,
80482,TH-Ext-2023-006,33.98,9107_2018_80482_M,CHILLIWACK_RIVER_fall,2018,2,P7,C8,24.28,as-is,P6,H11,10,0,,
76692,TH-Ext-2023-009,33.95,9107_2020_76692_M,CHILLIWACK_RIVER_fall,2020,3,P7,D8,20.4,as-is,P6,A12,10,0,,
19214,TH-Ext-2023-007,33.44,9107_2019_19214_M,CHILLIWACK_RIVER_fall,2019,4,P7,F8,25.16,as-is,P6,B12,10,0,,
19213,TH-Ext-2023-007,33.24,9107_2019_19213_M,CHILLIWACK_RIVER_fall,2019,4,P7,G8,25.3,as-is,P6,C12,10,0,,
25410,TH-Ext-2023-008,33.09,9105_2019_25410_M,PUNTLEDGE_RIVER_fall,2019,3,P7,H8,24.49,as-is,P6,D12,10,0,,
76523,TH-Ext-2023-009,33.07,9107_2020_76523_M,CHILLIWACK_RIVER_fall,2020,4,P7,A9,21.34,as-is,P6,E12,10,0,,
221523,TH-Ext-2023-010,33.02,9107_2021_221523_M,CHILLIWACK_RIVER_fall,2021,4,P7,B9,19.14,as-is,P6,F12,10,0,,
25606,TH-Ext-2023-008,32.94,9105_2019_25606_M,PUNTLEDGE_RIVER_fall,2019,4,P7,C9,22.2,as-is,P6,G12,10,0,,
25511,TH-Ext-2023-008,32.85,9105_2019_25511_M,PUNTLEDGE_RIVER_fall,2019,2,P7,D9,21.28,as-is,P6,H12,10,0,,
1151,TH-Ext-2023-006,32.62,9105_2018_1151_M,PUNTLEDGE_RIVER_fall,2018,4,P7,E9,19.74,as-is,P7,A1,10,0,,
6190,TH-Ext-2023-005,32.52,100_2017_6190_M,QUALICUM_RIVER,2017,3,P7,F9,20.83,as-is,P7,B1,10,0,,
221488,TH-Ext-2023-010,32.47,9107_2021_221488_M,CHILLIWACK_RIVER_fall,2021,2,P7,G9,23.59,as-is,P7,C1,10,0,,
19760,TH-Ext-2023-007,32.35,9107_2019_19760_M,CHILLIWACK_RIVER_fall,2019,3,P7,H9,23.95,as-is,P7,D1,10,0,,
25646,TH-Ext-2023-008,32.33,9105_2019_25646_M,PUNTLEDGE_RIVER_fall,2019,2,P7,A10,21.77,as-is,P7,E1,10,0,,
25545,TH-Ext-2023-008,32.19,9105_2019_25545_M,PUNTLEDGE_RIVER_fall,2019,2,P7,B10,19.84,as-is,P7,F1,10,0,,
25587,TH-Ext-2023-008,32.15,9105_2019_25587_M,PUNTLEDGE_RIVER_fall,2019,4,P7,C10,20.32,as-is,P7,G1,10,0,,
74513,TH-Ext-2023-009,32.02,9107_2020_74513_M,CHILLIWACK_RIVER_fall,2020,3,P7,D10,20.06,as-is,P7,H1,10,0,,
76163,TH-Ext-2023-009,31.87,9107_2020_76163_M,CHILLIWACK_RIVER_fall,2020,4,P7,E10,22.64,as-is,P7,A2,10,0,,
16424,TH-Ext-2023-009,31.78,100_2019_16424_M,QUALICUM_RIVER,2019,4,P7,F10,23.48,as-is,P7,B2,10,0,,
18349,TH-Ext-2023-006,31.7,9107_2018_18349_M,CHILLIWACK_RIVER_fall,2018,3,P7,G10,23.48,as-is,P7,C2,10,0,,
15501,TH-Ext-2023-008,31.41,100_2019_15501_M,QUALICUM_RIVER,2019,3,P7,A11,17.07,as-is,P7,D2,10,0,,
74445,TH-Ext-2023-009,31.32,9107_2020_74445_M,CHILLIWACK_RIVER_fall,2020,4,P7,B11,24.21,as-is,P7,E2,10,0,,
15530,TH-Ext-2023-008,31.22,100_2019_15530_M,QUALICUM_RIVER,2019,4,P7,C11,27.31,as-is,P7,F2,10,0,,
25488,TH-Ext-2023-008,31.21,9105_2019_25488_M,PUNTLEDGE_RIVER_fall,2019,4,P7,D11,21.95,as-is,P7,G2,10,0,,
18481,TH-Ext-2023-004,31.14,9107_2017_18481_M,CHILLIWACK_RIVER_fall,2017,3,P7,E11,23.13,as-is,P7,H2,10,0,,
19270,TH-Ext-2023-007,30.61,9107_2019_19270_M,CHILLIWACK_RIVER_fall,2019,4,P7,F11,22.99,as-is,P7,A3,10,0,,
25437,TH-Ext-2023-008,30.54,9105_2019_25437_M,PUNTLEDGE_RIVER_fall,2019,4,P7,G11,28.35,as-is,P7,B3,10,0,,
15436,TH-Ext-2023-008,29.79,100_2019_15436_M,QUALICUM_RIVER,2019,2,P7,H11,20.29,as-is,P7,C3,10,0,,
51855,TH-Ext-2023-004,29.63,9107_2017_51855_M,CHILLIWACK_RIVER_fall,2017,2,P7,A12,17.53,as-is,P7,D3,10,0,,
335,TH-Ext-2023-004,29.43,9107_2017_335_M,CHILLIWACK_RIVER_fall,2017,2,P7,B12,23.3,as-is,P7,E3,10,0,,
25514,TH-Ext-2023-008,29.03,9105_2019_25514_M,PUNTLEDGE_RIVER_fall,2019,2,P7,C12,21.93,as-is,P7,F3,10,0,,
7432,TH-Ext-2023-004,28.96,100_2016_7432_M,QUALICUM_RIVER,2016,2,P7,D12,22.05,as-is,P7,G3,10,0,,
16332,TH-Ext-2023-008,28.69,100_2019_16332_M,QUALICUM_RIVER,2019,4,P7,E12,21.35,as-is,P7,H3,10,0,,
19525,TH-Ext-2023-007,28.55,9107_2019_19525_M,CHILLIWACK_RIVER_fall,2019,2,P7,F12,21.72,as-is,P7,A4,10,0,,
3898,TH-Ext-2023-005,28.53,100_2017_3898_M,QUALICUM_RIVER,2017,3,P7,G12,19.95,as-is,P7,B4,10,0,,
1074,TH-Ext-2023-006,28.53,9105_2018_1074_M,PUNTLEDGE_RIVER_fall,2018,3,P7,H12,22.29,as-is,P7,C4,10,0,,
19333,TH-Ext-2023-007,27.22,9107_2019_19333_M,CHILLIWACK_RIVER_fall,2019,3,P8,C1,17.41,as-is,P7,D4,10,0,,
25676,TH-Ext-2023-008,26.36,9105_2019_25676_M,PUNTLEDGE_RIVER_fall,2019,2,P8,A2,20.64,as-is,P7,E4,10,0,,
19604,TH-Ext-2023-007,25.99,9107_2019_19604_M,CHILLIWACK_RIVER_fall,2019,4,P8,B2,23.5,as-is,P7,F4,10,0,,
25622,TH-Ext-2023-008,25.85,9105_2019_25622_M,PUNTLEDGE_RIVER_fall,2019,4,P8,C2,19.32,as-is,P7,G4,10,0,,
6058,TH-Ext-2023-005,25.4,100_2017_6058_M,QUALICUM_RIVER,2017,3,P8,E2,23.17,as-is,P7,H4,10,0,,
25430,TH-Ext-2023-008,25.32,9105_2019_25430_M,PUNTLEDGE_RIVER_fall,2019,4,P8,F2,25.99,as-is,P7,A5,10,0,,
25558,TH-Ext-2023-008,25.25,9105_2019_25558_M,PUNTLEDGE_RIVER_fall,2019,2,P8,H2,26.35,as-is,P7,B5,10,0,,
25664,TH-Ext-2023-008,25.22,9105_2019_25664_M,PUNTLEDGE_RIVER_fall,2019,4,P8,A3,19.2,as-is,P7,C5,10,0,,
25598,TH-Ext-2023-008,24.84,9105_2019_25598_M,PUNTLEDGE_RIVER_fall,2019,3,P8,D3,23.27,as-is,P7,D5,10,0,,
6411,TH-Ext-2023-007,24.81,100_2018_6411_M,QUALICUM_RIVER,2018,3,P8,E3,24.45,as-is,P7,E5,10,0,,
16342,TH-Ext-2023-008,24.59,100_2019_16342_M,QUALICUM_RIVER,2019,4,P8,F3,22.75,as-is,P7,F5,10,0,,
19629,TH-Ext-2023-007,24.08,9107_2019_19629_M,CHILLIWACK_RIVER_fall,2019,3,P8,H3,25.21,as-is,P7,G5,10,0,,
16311,TH-Ext-2023-008,23.76,100_2019_16311_M,QUALICUM_RIVER,2019,4,P8,A4,21.86,as-is,P7,H5,10,0,,
25292,TH-Ext-2023-008,23.72,9105_2019_25292_M,PUNTLEDGE_RIVER_fall,2019,3,P8,B4,24.47,as-is,P7,A6,10,0,,
19650,TH-Ext-2023-007,23.58,9107_2019_19650_M,CHILLIWACK_RIVER_fall,2019,3,P8,C4,22.2,as-is,P7,B6,10,0,,
15453,TH-Ext-2023-008,23.54,100_2019_15453_M,QUALICUM_RIVER,2019,2,P8,D4,21.57,as-is,P7,C6,10,0,,
93827,TH-Ext-2023-009,23.51,9105_2020_93827_M,PUNTLEDGE_RIVER_fall,2020,3,P8,E4,25.4,as-is,P7,D6,10,0,,
7415,TH-Ext-2023-004,22.73,100_2016_7415_M,QUALICUM_RIVER,2016,2,P8,F4,23.65,as-is,P7,E6,10,0,,
25575,TH-Ext-2023-008,22.7,9105_2019_25575_M,PUNTLEDGE_RIVER_fall,2019,3,P8,G4,26.3,as-is,P7,F6,10,0,,
25504,TH-Ext-2023-008,21.83,9105_2019_25504_M,PUNTLEDGE_RIVER_fall,2019,2,P8,B5,23.51,as-is,P7,G6,10,0,,
223648,TH-Ext-2023-010,21.31,9107_2021_223648_M,CHILLIWACK_RIVER_fall,2021,4,P8,C5,22.39,as-is,P7,H6,10,0,,
19451,TH-Ext-2023-007,20.97,9107_2019_19451_M,CHILLIWACK_RIVER_fall,2019,4,P8,D5,21.33,as-is,P7,A7,10,0,,
25383,TH-Ext-2023-008,20.44,9105_2019_25383_M,PUNTLEDGE_RIVER_fall,2019,3,P8,E5,28.24,as-is,P7,B7,10,0,,
240123-BU,TH-Ext-2023-013,102.24,9105_2021_240123_M,PUNTLEDGE_RIVER_fall,2021,3,P8,G5,23.69,as-is,P7,C7,10,0,,
19295-R,TH-Ext-2023-013,83.73,9107_2019_19295_M,CHILLIWACK_RIVER_fall,2019,3,P8,H5,24.13,as-is,P7,D7,10,0,,
5622,TH-Ext-2023-013,75.48,100_2016_5622_M,QUALICUM_RIVER,2016,3,P8,C6,21.95,as-is,P7,E7,10,0,,
54319-BU,TH-Ext-2023-013,72.85,9105_2017_54319_M,PUNTLEDGE_RIVER_fall,2017,2,P8,D6,20.47,as-is,P7,F7,10,0,,
219616-BU,TH-Ext-2023-013,71.84,100_2021_219616_M,QUALICUM_RIVER,2021,4,P8,E6,23.06,as-is,P7,G7,10,0,,
54322,TH-Ext-2023-013,69.05,9105_2017_54322_M,PUNTLEDGE_RIVER_fall,2017,2,P8,F6,24.26,as-is,P7,H7,10,0,,
19722-R,TH-Ext-2023-013,68.39,9107_2019_19722_M,CHILLIWACK_RIVER_fall,2019,4,P8,G6,22.96,as-is,P7,A8,10,0,,
54401,TH-Ext-2023-013,67.22,9105_2017_54401_M,PUNTLEDGE_RIVER_fall,2017,2,P8,H6,22.03,as-is,P7,B8,10,0,,
240134,TH-Ext-2023-013,66.08,9105_2021_240134_M,PUNTLEDGE_RIVER_fall,2021,3,P8,A7,20.25,as-is,P7,C8,10,0,,
219379,TH-Ext-2023-013,64.29,100_2021_219379_M,QUALICUM_RIVER,2021,4,P8,C7,21.64,as-is,P7,D8,10,0,,
223059,TH-Ext-2023-013,62.02,9107_2021_223059_M,CHILLIWACK_RIVER_fall,2021,3,P8,D7,19.94,as-is,P7,E8,10,0,,
51821,TH-Ext-2023-013,61.82,9107_2017_51821_M,CHILLIWACK_RIVER_fall,2017,2,P8,E7,21.86,as-is,P7,F8,10,0,,
219798,TH-Ext-2023-013,61.71,100_2021_219798_M,QUALICUM_RIVER,2021,4,P8,F7,24.48,as-is,P7,G8,10,0,,
19730-R,TH-Ext-2023-013,59.83,9107_2019_19730_M,CHILLIWACK_RIVER_fall,2019,4,P8,G7,27.58,as-is,P7,H8,10,0,,
40577-R,TH-Ext-2023-013,59.05,9107_2019_40577_M,CHILLIWACK_RIVER_fall,2019,4,P8,H7,22.43,as-is,P7,A9,10,0,,
40532-R,TH-Ext-2023-013,58.72,9107_2019_40532_M,CHILLIWACK_RIVER_fall,2019,4,P8,A8,19.46,as-is,P7,B9,10,0,,
40566-R,TH-Ext-2023-013,55.74,9107_2019_40566_M,CHILLIWACK_RIVER_fall,2019,4,P8,B8,20.15,as-is,P7,C9,10,0,,
93615,TH-Ext-2023-013,55.59,9105_2020_93615_M,PUNTLEDGE_RIVER_fall,2020,4,P8,C8,22.99,as-is,P7,D9,10,0,,
54353,TH-Ext-2023-013,53.81,9105_2017_54353_M,PUNTLEDGE_RIVER_fall,2017,2,P8,D8,19.99,as-is,P7,E9,10,0,,
40551-R,TH-Ext-2023-013,53.34,9107_2019_40551_M,CHILLIWACK_RIVER_fall,2019,3,P8,E8,21.98,as-is,P7,F9,10,0,,
6295-R,TH-Ext-2023-013,53.21,100_2018_6295_M,QUALICUM_RIVER,2018,4,P8,F8,20.91,as-is,P7,G9,10,0,,
50139-R,TH-Ext-2023-013,51.9,100_2018_50139_M,QUALICUM_RIVER,2018,3,P8,G8,22.55,as-is,P7,H9,10,0,,
5897,TH-Ext-2023-004,51.41,100_2016_5897_M,QUALICUM_RIVER,2016,3,P8,H8,21.47,as-is,P7,A10,10,0,,
6202-R,TH-Ext-2023-013,51.03,100_2018_6202_M,QUALICUM_RIVER,2018,3,P8,A9,18.08,as-is,P7,B10,10,0,,
5690 Chelex,TH-Ext-2023-012,48.9,100_2018_5690_M,QUALICUM_RIVER,2018,2,P8,B9,17.67,as-is,P7,C10,10,0,,
25663,TH-Ext-2023-008,48.34,9105_2019_25663_M,PUNTLEDGE_RIVER_fall,2019,2,P8,C9,20.81,as-is,P7,D10,10,0,,
1227,TH-Ext-2023-013,47.14,9105_2018_1227_M,PUNTLEDGE_RIVER_fall,2018,3,P8,D9,26.04,as-is,P7,E10,10,0,,
1258,TH-Ext-2023-013,46.51,9105_2017_1258_M,PUNTLEDGE_RIVER_fall,2017,2,P8,E9,27.23,as-is,P7,F10,10,0,,
54404-BU,TH-Ext-2023-013,46.5,9105_2017_54404_M,PUNTLEDGE_RIVER_fall,2017,2,P8,F9,19.47,as-is,P7,G10,10,0,,
19741-R,TH-Ext-2023-013,45.24,9107_2019_19741_M,CHILLIWACK_RIVER_fall,2019,2,P8,G9,24.69,as-is,P7,H10,10,0,,
6293,TH-Ext-2023-013,44.29,100_2018_6293_M,QUALICUM_RIVER,2018,4,P8,H9,21.64,as-is,P7,A11,10,0,,
6043-R,TH-Ext-2023-013,43.39,100_2018_6043_M,QUALICUM_RIVER,2018,4,P8,A10,21.77,as-is,P7,B11,10,0,,
5993-BU,TH-Ext-2023-013,43.12,100_2016_5993_M,QUALICUM_RIVER,2016,3,P8,B10,19.84,as-is,P7,C11,10,0,,
15404,TH-Ext-2023-013,41.92,100_2019_15404_M,QUALICUM_RIVER,2019,4,P8,C10,20.32,as-is,P7,D11,10,0,,
19474-R,TH-Ext-2023-013,41.91,9107_2019_19474_M,CHILLIWACK_RIVER_fall,2019,3,P8,D10,20.06,as-is,P7,E11,10,0,,
19477-R,TH-Ext-2023-013,41.82,9107_2019_19477_M,CHILLIWACK_RIVER_fall,2019,2,P8,E10,22.64,as-is,P7,F11,10,0,,
19547-R,TH-Ext-2023-013,41.75,9107_2019_19547_M,CHILLIWACK_RIVER_fall,2019,4,P8,F10,23.48,as-is,P7,G11,10,0,,
19453-R,TH-Ext-2023-013,41.44,9107_2019_19453_M,CHILLIWACK_RIVER_fall,2019,2,P8,G10,23.48,as-is,P7,H11,10,0,,
19599-R,TH-Ext-2023-013,41.09,9107_2019_19599_M,CHILLIWACK_RIVER_fall,2019,3,P8,H10,19.82,as-is,P7,A12,10,0,,
19481-R,TH-Ext-2023-013,40.46,9107_2019_19481_M,CHILLIWACK_RIVER_fall,2019,2,P8,A11,23.87,as-is,P7,B12,10,0,,
19289-R,TH-Ext-2023-013,40.29,9107_2019_19289_M,CHILLIWACK_RIVER_fall,2019,4,P8,B11,20.21,as-is,P7,C12,10,0,,
6231-R,TH-Ext-2023-013,37.9,100_2018_6231_M,QUALICUM_RIVER,2018,4,P8,C11,21.49,as-is,P7,D12,10,0,,
50173-R,TH-Ext-2023-013,36.33,100_2018_50173_M,QUALICUM_RIVER,2018,3,P8,D11,20.38,as-is,P7,E12,10,0,,
19707-R,TH-Ext-2023-013,35.67,9107_2019_19707_M,CHILLIWACK_RIVER_fall,2019,3,P8,E11,21.51,as-is,P7,F12,10,0,,
19460-R,TH-Ext-2023-013,34.87,9107_2019_19460_M,CHILLIWACK_RIVER_fall,2019,2,P8,F11,21.36,as-is,P7,G12,10,0,,
51888,TH-Ext-2023-013,33.84,9107_2017_51888_M,CHILLIWACK_RIVER_fall,2017,2,P8,G11,25.91,as-is,P7,H12,10,0,,
5942-R,TH-Ext-2023-013,33.76,100_2018_5942_M,QUALICUM_RIVER,2018,3,P8,H11,21.31,as-is,P8,A1,10,0,,
19545-R,TH-Ext-2023-013,33.18,9107_2019_19545_M,CHILLIWACK_RIVER_fall,2019,4,P8,A12,23.84,as-is,P8,B1,10,0,,
19550-R,TH-Ext-2023-013,32.15,9107_2019_19550_M,CHILLIWACK_RIVER_fall,2019,4,P8,B12,20.28,as-is,P8,C1,10,0,,
6288-1-R,TH-Ext-2023-013,31.61,100_2018_6288_M,QUALICUM_RIVER,2018,2,P8,C12,21.66,as-is,P8,D1,10,0,,
19570-R,TH-Ext-2023-013,30.69,9107_2019_19570_M,CHILLIWACK_RIVER_fall,2019,4,P8,D12,19.05,as-is,P8,E1,10,0,,
5829-R,TH-Ext-2023-013,29.53,100_2018_5829_M,QUALICUM_RIVER,2018,3,P8,F12,21.9,as-is,P8,F1,10,0,,
19321-R,TH-Ext-2023-013,24.39,9107_2019_19321_M,CHILLIWACK_RIVER_fall,2019,4,P8,G12,24.51,as-is,P8,G1,10,0,,
6487-R,TH-Ext-2023-013,21.82,100_2018_6487_M,QUALICUM_RIVER,2018,3,P8,H12,22.28,as-is,P8,H1,10,0,,
5643 Chelex,TH-Ext-2023-012,21.8,100_2018_5643_M,QUALICUM_RIVER,2018,2,P9,A1,19.62,as-is,P8,A2,10,0,,
74401,TH-Ext-2023-009,20.4,9107_2020_74401_M,CHILLIWACK_RIVER_fall,2020,3,P9,B1,20.94,as-is,P8,B2,10,0,,
50165-R,TH-Ext-2023-013,19.93,100_2018_50165_M,QUALICUM_RIVER,2018,2,P9,C1,21.45,as-is,P8,C2,10,0,,
76034,TH-Ext-2023-009,19.9,9107_2020_76034_M,CHILLIWACK_RIVER_fall,2020,3,P9,D1,21.53,as-is,P8,D2,10,0,,
25653,TH-Ext-2023-008,19.69,9105_2019_25653_M,PUNTLEDGE_RIVER_fall,2019,2,P9,E1,20.75,as-is,P8,E2,10,0,,
1132,TH-Ext-2023-006,19.65,9105_2018_1132_M,PUNTLEDGE_RIVER_fall,2018,3,P9,F1,24.98,as-is,P8,F2,10,0,,
240163,TH-Ext-2023-011,116.19,9105_2021_240163_M,PUNTLEDGE_RIVER_fall,2021,4,P1,E6,34.51,dilute,P8,G2,6.5,3.5,,
219485,TH-Ext-2023-011,105.01,100_2021_219485_M,QUALICUM_RIVER,2021,3,P1,G9,32.04,dilute,P8,H2,7.1,2.9,,
94011,TH-Ext-2023-010,100.64,9105_2020_94011_M,PUNTLEDGE_RIVER_fall,2020,4,P1,H10,30.93,dilute,P8,A3,7.3,2.7,,
240168,TH-Ext-2023-011,97.69,9105_2021_240168_M,PUNTLEDGE_RIVER_fall,2021,4,P1,D12,32.45,dilute,P8,B3,7,3,,
70885,TH-Ext-2023-010,96.27,100_2020_70885_M,QUALICUM_RIVER,2020,4,P2,B1,35.15,dilute,P8,C3,6.4,3.6,,
70809,TH-Ext-2023-010,95.18,100_2020_70809_M,QUALICUM_RIVER,2020,3,P2,F1,33.37,dilute,P8,D3,6.8,3.2,,
240069,TH-Ext-2023-011,91.62,9105_2021_240069_M,PUNTLEDGE_RIVER_fall,2021,4,P2,E3,39.67,dilute,P8,E3,5.7,4.3,,
219394,TH-Ext-2023-011,91.11,100_2021_219394_M,QUALICUM_RIVER,2021,4,P2,H3,30.17,dilute,P8,F3,7.5,2.5,,
94012,TH-Ext-2023-010,90.49,9105_2020_94012_M,PUNTLEDGE_RIVER_fall,2020,3,P2,D4,37.06,dilute,P8,G3,6.1,3.9,,
240205,TH-Ext-2023-011,89.66,9105_2021_240205_M,PUNTLEDGE_RIVER_fall,2021,2,P2,F4,30.95,dilute,P8,H3,7.3,2.7,,
240247,TH-Ext-2023-011,89.26,9105_2021_240247_M,PUNTLEDGE_RIVER_fall,2021,3,P2,H4,29.91,dilute,P8,A4,7.6,2.4,,
70806,TH-Ext-2023-010,87.36,100_2020_70806_M,QUALICUM_RIVER,2020,4,P2,A6,30.59,dilute,P8,B4,7.4,2.6,,
70835,TH-Ext-2023-010,86.81,100_2020_70835_M,QUALICUM_RIVER,2020,3,P2,D6,32.92,dilute,P8,C4,6.9,3.1,,
25454,TH-Ext-2023-008,86.19,9105_2019_25454_M,PUNTLEDGE_RIVER_fall,2019,3,P2,H6,30.72,dilute,P8,D4,7.4,2.6,,
18438,TH-Ext-2023-006,85.65,9107_2018_18438_M,CHILLIWACK_RIVER_fall,2018,2,P2,C7,30.26,dilute,P8,E4,7.5,2.5,,
223266,TH-Ext-2023-010,82.07,9107_2021_223266_M,CHILLIWACK_RIVER_fall,2021,2,P2,H8,47.76,dilute,P8,F4,4.7,5.3,,
240081,TH-Ext-2023-011,77.63,9105_2021_240081_M,PUNTLEDGE_RIVER_fall,2021,3,P2,E11,30.57,dilute,P8,G4,7.4,2.6,,
18394,TH-Ext-2023-006,75.58,9107_2018_18394_M,CHILLIWACK_RIVER_fall,2018,2,P3,A1,33.59,dilute,P8,H4,6.7,3.3,,
1137,TH-Ext-2023-005,75.17,9105_2017_1137_M,PUNTLEDGE_RIVER_fall,2017,3,P3,E1,33.22,dilute,P8,A5,6.8,3.2,,
5802,TH-Ext-2023-006,71.95,100_2018_5802_M,QUALICUM_RIVER,2018,4,P3,C5,30.02,dilute,P8,B5,7.5,2.5,,
240077,TH-Ext-2023-011,71.74,9105_2021_240077_M,PUNTLEDGE_RIVER_fall,2021,4,P3,G5,33.59,dilute,P8,C5,6.7,3.3,,
93727,TH-Ext-2023-009,67.52,9105_2020_93727_M,PUNTLEDGE_RIVER_fall,2020,3,P3,D9,29.67,dilute,P8,D5,7.6,2.4,,
219298,TH-Ext-2023-011,65.2,100_2021_219298_M,QUALICUM_RIVER,2021,4,P3,F11,29.49,dilute,P8,E5,7.7,2.3,,
6274,TH-Ext-2023-005,64.04,100_2017_6274_M,QUALICUM_RIVER,2017,2,P3,E12,30.01,dilute,P8,F5,7.5,2.5,,
6300,TH-Ext-2023-007,63.25,100_2018_6300_M,QUALICUM_RIVER,2018,3,P4,G1,29.43,dilute,P8,G5,7.7,2.3,,
240192,TH-Ext-2023-011,62.72,9105_2021_240192_M,PUNTLEDGE_RIVER_fall,2021,4,P4,E2,32.19,dilute,P8,H5,7,3,,
6184,TH-Ext-2023-007,60.91,100_2018_6184_M,QUALICUM_RIVER,2018,4,P4,F4,29.36,dilute,P8,A6,7.7,2.3,,
240058,TH-Ext-2023-011,58.81,9105_2021_240058_M,PUNTLEDGE_RIVER_fall,2021,3,P4,A8,29.75,dilute,P8,B6,7.6,2.4,,
223831,TH-Ext-2023-010,54.66,9107_2021_223831_M,CHILLIWACK_RIVER_fall,2021,2,P5,A1,71.97,dilute,P8,C6,3.1,6.9,,
18287,TH-Ext-2023-006,49.78,9107_2018_18287_M,CHILLIWACK_RIVER_fall,2018,3,P5,H7,30.01,dilute,P8,D6,7.5,2.5,,
240430,TH-Ext-2023-011,49.14,9105_2021_240430_M,PUNTLEDGE_RIVER_fall,2021,2,P5,F8,29.27,dilute,P8,E6,7.7,2.3,,
18421,TH-Ext-2023-006,48.22,9107_2018_18421_M,CHILLIWACK_RIVER_fall,2018,2,P5,C10,29.08,dilute,P8,F6,7.8,2.2,,
240055,TH-Ext-2023-011,47.48,9105_2021_240055_M,PUNTLEDGE_RIVER_fall,2021,4,P5,C11,36.46,dilute,P8,G6,6.2,3.8,,
54366,TH-Ext-2023-005,46.18,9105_2017_54366_M,PUNTLEDGE_RIVER_fall,2017,2,P6,B1,32.57,dilute,P8,H6,6.9,3.1,,
16452,TH-Ext-2023-009,37.93,100_2019_16452_M,QUALICUM_RIVER,2019,4,P7,F2,34.13,dilute,P8,A7,6.6,3.4,,
6071,TH-Ext-2023-007,36.78,100_2018_6071_M,QUALICUM_RIVER,2018,3,P7,H3,31.72,dilute,P8,B7,7.1,2.9,,
16481,TH-Ext-2023-009,36.54,100_2019_16481_M,QUALICUM_RIVER,2019,4,P7,E4,29.27,dilute,P8,C7,7.7,2.3,,
25255,TH-Ext-2023-008,34.78,9105_2019_25255_M,PUNTLEDGE_RIVER_fall,2019,4,P7,C7,30.74,dilute,P8,D7,7.4,2.6,,
1052,TH-Ext-2023-005,33.77,9105_2017_1052_M,PUNTLEDGE_RIVER_fall,2017,2,P7,E8,30.75,dilute,P8,E7,7.3,2.7,,
25310,TH-Ext-2023-008,31.67,9105_2019_25310_M,PUNTLEDGE_RIVER_fall,2019,2,P7,H10,29.16,dilute,P8,F7,7.8,2.2,,
74576,TH-Ext-2023-009,25.74,9107_2020_74576_M,CHILLIWACK_RIVER_fall,2020,3,P8,D2,29.27,dilute,P8,G7,7.7,2.3,,
74500,TH-Ext-2023-009,25.3,9107_2020_74500_M,CHILLIWACK_RIVER_fall,2020,2,P8,G2,31.98,dilute,P8,H7,7.1,2.9,,
25247,TH-Ext-2023-008,25.08,9105_2019_25247_M,PUNTLEDGE_RIVER_fall,2019,3,P8,B3,30.37,dilute,P8,A8,7.4,2.6,,
76002,TH-Ext-2023-009,24.93,9107_2020_76002_M,CHILLIWACK_RIVER_fall,2020,3,P8,C3,30.59,dilute,P8,B8,7.4,2.6,,
19351,TH-Ext-2023-007,24.45,9107_2019_19351_M,CHILLIWACK_RIVER_fall,2019,2,P8,G3,35.28,dilute,P8,C8,6.4,3.6,,
16415,TH-Ext-2023-009,22.61,100_2019_16415_M,QUALICUM_RIVER,2019,4,P8,H4,35.88,dilute,P8,D8,6.3,3.7,,
54390,TH-Ext-2023-013,81,9105_2017_54390_M,PUNTLEDGE_RIVER_fall,2017,2,P8,A6,34.08,dilute,P8,E8,6.6,3.4,,
223206,TH-Ext-2023-013,30.32,9107_2021_223206_M,CHILLIWACK_RIVER_fall,2021,3,P8,E12,30.43,dilute,P8,F8,7.4,2.6,,
71533,TH-Ext-2023-010,129.6,100_2020_71533_M,QUALICUM_RIVER,2020,4,P1,A3,9.47,re-dilute,P8,G8,NA,NA,1.5,8.5
219286,TH-Ext-2023-011,123.76,100_2021_219286_M,QUALICUM_RIVER,2021,3,P1,A4,9.94,re-dilute,P8,H8,NA,NA,1.6,8.4
240257,TH-Ext-2023-011,120.2,9105_2021_240257_M,PUNTLEDGE_RIVER_fall,2021,3,P1,A5,14.96,re-dilute,P8,A9,NA,NA,1.7,8.3
223800,TH-Ext-2023-010,119.42,9107_2021_223800_M,CHILLIWACK_RIVER_fall,2021,4,P1,D5,11.26,re-dilute,P8,B9,NA,NA,1.7,8.3
54428,TH-Ext-2023-005,83.39,9105_2017_54428_M,PUNTLEDGE_RIVER_fall,2017,2,P2,H7,14.41,re-dilute,P8,C9,NA,NA,2.4,7.6
15538,TH-Ext-2023-008,72.86,100_2019_15538_M,QUALICUM_RIVER,2019,3,P3,G3,15.26,re-dilute,P8,D9,NA,NA,2.7,7.3
18447,TH-Ext-2023-006,71.89,9107_2018_18447_M,CHILLIWACK_RIVER_fall,2018,2,P3,D5,5.73,re-dilute,P8,E9,NA,NA,2.8,7.2
93813,TH-Ext-2023-009,70.61,9105_2020_93813_M,PUNTLEDGE_RIVER_fall,2020,3,P3,B7,13.82,re-dilute,P8,F9,NA,NA,2.8,7.2
219665,TH-Ext-2023-011,70.11,100_2021_219665_M,QUALICUM_RIVER,2021,4,P3,F7,14.93,re-dilute,P8,G9,NA,NA,2.9,7.1
1098,TH-Ext-2023-006,68.28,9105_2018_1098_M,PUNTLEDGE_RIVER_fall,2018,3,P3,E8,16.06,re-dilute,P8,H9,NA,NA,2.9,7.1
93895,TH-Ext-2023-009,66.94,9105_2020_93895_M,PUNTLEDGE_RIVER_fall,2020,3,P3,H9,15.32,re-dilute,P8,A10,NA,NA,3,7
18276,TH-Ext-2023-004,66.16,9107_2017_18276_M,CHILLIWACK_RIVER_fall,2017,3,P3,F10,13.6,re-dilute,P8,B10,NA,NA,3,7
15652,TH-Ext-2023-008,62.14,100_2019_15652_M,QUALICUM_RIVER,2019,4,P4,H2,13.26,re-dilute,P8,C10,NA,NA,3.2,6.8
6001,TH-Ext-2023-005,60.4,100_2017_6001_M,QUALICUM_RIVER,2017,2,P4,E5,7,re-dilute,P8,D10,NA,NA,3.3,6.7
93698,TH-Ext-2023-009,59.06,9105_2020_93698_M,PUNTLEDGE_RIVER_fall,2020,4,P4,C7,13.64,re-dilute,P8,E10,NA,NA,3.4,6.6
5662,TH-Ext-2023-004,58.49,100_2016_5662_M,QUALICUM_RIVER,2016,2,P4,D8,15.07,re-dilute,P8,F10,NA,NA,3.4,6.6
25550,TH-Ext-2023-008,54.65,9105_2019_25550_M,PUNTLEDGE_RIVER_fall,2019,3,P5,B1,8.07,re-dilute,P8,G10,NA,NA,3.7,6.3
18494-1,TH-Ext-2023-004,53.76,9107_2017_18494_M,CHILLIWACK_RIVER_fall,2017,2,P5,B3,-3.09,re-dilute,P8,H10,NA,NA,3.7,6.3
18494-2,TH-Ext-2023-006,39.1,9107_2018_18494_M,CHILLIWACK_RIVER_fall,2018,4,P5,C3,-3.05,re-dilute,P8,A11,NA,NA,5.1,4.9
1166,TH-Ext-2023-006,51.39,9105_2018_1166_M,PUNTLEDGE_RIVER_fall,2018,3,P5,B6,15.71,re-dilute,P8,B11,NA,NA,3.9,6.1
18386,TH-Ext-2023-004,46.39,9107_2017_18386_M,CHILLIWACK_RIVER_fall,2017,4,P5,G12,12.58,re-dilute,P8,C11,NA,NA,4.3,5.7
6250,TH-Ext-2023-005,42.17,100_2017_6250_M,QUALICUM_RIVER,2017,3,P6,A7,14.88,re-dilute,P8,D11,NA,NA,4.7,5.3
25391,TH-Ext-2023-008,39.88,9105_2019_25391_M,PUNTLEDGE_RIVER_fall,2019,3,P6,A11,13.97,re-dilute,P8,E11,NA,NA,5,5
7455,TH-Ext-2023-004,36.62,100_2016_7455_M,QUALICUM_RIVER,2016,2,P7,C4,16.03,re-dilute,P8,F11,NA,NA,5.5,4.5
25286,TH-Ext-2023-008,28.05,9105_2019_25286_M,PUNTLEDGE_RIVER_fall,2019,3,P8,A1,12.09,re-dilute,P8,G11,NA,NA,7.1,2.9
19484,TH-Ext-2023-007,27.93,9107_2019_19484_M,CHILLIWACK_RIVER_fall,2019,2,P8,B1,12.52,re-dilute,P8,H11,NA,NA,7.2,2.8
16456,TH-Ext-2023-009,27,100_2019_16456_M,QUALICUM_RIVER,2019,2,P8,D1,16.22,re-dilute,P8,A12,NA,NA,7.4,2.6
19495,TH-Ext-2023-007,26.86,9107_2019_19495_M,CHILLIWACK_RIVER_fall,2019,3,P8,E1,12.53,re-dilute,P8,B12,NA,NA,7.4,2.6
7405,TH-Ext-2023-004,26.7,100_2016_7405_M,QUALICUM_RIVER,2016,2,P8,F1,14.27,re-dilute,P8,C12,NA,NA,7.5,2.5
74583,TH-Ext-2023-009,26.52,9107_2020_74583_M,CHILLIWACK_RIVER_fall,2020,4,P8,G1,15.48,re-dilute,P8,D12,NA,NA,7.5,2.5
6412,TH-Ext-2023-005,26.51,100_2017_6412_M,QUALICUM_RIVER,2017,2,P8,H1,12.49,re-dilute,P8,E12,NA,NA,7.5,2.5
16312,TH-Ext-2023-008,22.35,100_2019_16312_M,QUALICUM_RIVER,2019,4,P8,A5,-3.06,re-dilute,P8,F12,NA,NA,8.9,1.1
19744-R,TH-Ext-2023-013,77.24,9107_2019_19744_M,CHILLIWACK_RIVER_fall,2019,4,P8,B6,9.34,re-dilute,P8,G12,NA,NA,2.6,7.4
6240,TH-Ext-2023-005,35.65,100_2017_6240_M,QUALICUM_RIVER,2017,3,P7,A6,15.82,re-dilute,P8,H12,NA,NA,5.6,4.4
